airport,airport_name,arr_delay,carrier_delay,weather_delay,nas_delay,security_delay,late_aircraft_delay,lat,lon,elevation,arr_flights,arr_del15,arr_cancelled,delay_rate
ABE,"Allentown/Bethlehem/Easton, PA: Lehigh Valley International",871.0639235855988,328.73254959588536,81.93313739897134,137.4988978692138,1.2975753122703895,321.6017634092579,40.651773,-75.442797,393.0,94749.0,18628.0,2479.0,19.660365808610116
ABI,"Abilene, TX: Abilene Regional",1740.5770491803278,580.2852459016393,287.1967213114754,240.91147540983607,2.318032786885246,629.8655737704918,32.4113006592,-99.6819000244,1791.0,48436.0,9778.0,1106.0,20.187463869848873
ABQ,"Albuquerque, NM: Albuquerque International Sunport",2151.8515901060073,750.6374558303887,88.8982332155477,275.94734982332153,4.429681978798587,1031.9388692579505,35.039976,-106.608925,5355.0,634950.0,121681.0,6116.0,19.163871170958345
ABR,"Aberdeen, SD: Aberdeen Regional",546.5950920245399,292.4846625766871,127.77300613496932,44.441717791411044,0.0,81.8957055214724,45.449100494384766,-98.42179870605467,1302.0,9869.0,1060.0,158.0,10.740703212078225
ABY,"Albany, GA: Southwest Georgia Regional",982.294964028777,467.42446043165467,138.9892086330935,141.63309352517985,1.29136690647482,232.9568345323741,31.532946,-84.196215,197.0,23000.0,4455.0,397.0,19.369565217391305
ACK,"Nantucket, MA: Nantucket Memorial",1083.0916334661354,362.7848605577689,152.30677290836653,201.21115537848607,0.5976095617529881,366.19123505976097,41.25310135,-70.06020355,47.0,17614.0,3604.0,715.0,20.46099693425684
ACT,"Waco, TX: Waco Regional",1044.0637583892617,439.4731543624161,126.48657718120805,125.6241610738255,1.6006711409395973,350.87919463087246,31.611299514770508,-97.23049926757812,516.0,35815.0,5938.0,1138.0,16.57964539997208
ACV,"Arcata/Eureka, CA: California Redwood Coast Humboldt County",3130.714285714286,1136.8496240601503,263.2631578947368,269.52255639097746,1.0,1460.078947368421,40.978101,-124.109,221.0,58178.0,13237.0,2256.0,22.752586888514557
ACY,"Atlantic City, NJ: Atlantic City International",2211.1234567901233,542.7407407407408,103.39506172839506,846.7901234567901,14.168724279835391,704.0288065843621,39.45759963989258,-74.57720184326172,75.0,39739.0,7933.0,899.0,19.962756989355547
ADK,"Adak Island, AK: Adak",77.98872180451127,27.31954887218045,5.484962406015038,17.372180451127818,0.706766917293233,27.105263157894736,51.883564,-176.642783,18.0,2302.0,435.0,153.0,18.89661164205039
ADQ,"Kodiak, AK: Kodiak Airport",382.9172932330827,124.62406015037594,73.14285714285714,58.42481203007519,0.31203007518796994,126.41353383458646,57.75,-152.4940033,78.0,15048.0,2022.0,933.0,13.43700159489633
AEX,"Alexandria, LA: Alexandria International",1038.8015037593984,412.85714285714283,131.01804511278195,173.50375939849624,2.445112781954887,318.97744360902254,31.3274,-92.549797,89.0,64320.0,12002.0,1495.0,18.659825870646767
AGS,"Augusta, GA: Augusta Regional at Bush Field",1264.3508771929824,500.14160401002505,170.56140350877192,197.30075187969925,1.3721804511278195,394.9749373433584,33.3699,-81.9645,144.0,79713.0,16001.0,1637.0,20.073262830404072
AKN,"King Salmon, AK: King Salmon Airport",289.875,112.0965909090909,15.409090909090908,29.505681818181817,21.47159090909091,111.39204545454545,58.677845,-156.651965,73.0,5018.0,948.0,151.0,18.89198884017537
ALB,"Albany, NY: Albany International",1383.6371714179934,506.1025546094039,89.03961495742318,206.04813032210293,2.5168456127360237,579.9300259163273,42.74829864501953,-73.80169677734375,285.0,290413.0,62890.0,5751.0,21.65536666747012
ALO,"Waterloo, IA: Waterloo Regional",589.159793814433,141.9278350515464,63.670103092783506,129.20618556701032,0.5927835051546392,253.76288659793815,42.557098388671875,-92.40029907226562,873.0,8925.0,1758.0,390.0,19.69747899159664
ALS,"Alamosa, CO: San Luis Valley Regional/Bergman Field",786.65,623.5,36.85,1.0,0.0,125.3,37.434898,-105.866997,7539.0,991.0,121.0,37.0,12.209889001009081
ALW,"Walla Walla, WA: Walla Walla Regional",376.7956989247312,120.75268817204301,23.204301075268816,47.354838709677416,4.225806451612903,181.25806451612902,46.09489822,-118.288002,1194.0,5476.0,798.0,221.0,14.572680788897005
AMA,"Amarillo, TX: Rick Husband Amarillo International",1459.611111111111,494.27306967984936,109.7909604519774,192.78625235404897,2.288135593220339,660.4726930320151,35.219398,-101.706001,3607.0,138975.0,28614.0,3084.0,20.58931462493254
ANC,"Anchorage, AK: Ted Stevens Anchorage International",2886.5299506694855,935.8957011980268,107.14446793516561,593.3474277660324,52.50880902043693,1197.6335447498238,61.179004,-149.992561,152.0,421598.0,83879.0,7496.0,19.895492862869368
APF,"Naples, FL: Naples Municipal",1011.9142857142857,414.2857142857143,257.42857142857144,193.85714285714286,1.8,144.54285714285714,26.1525993347,-81.7752990723,8.0,2418.0,674.0,77.0,27.874276261373037
APN,"Alpena, MI: Alpena County Regional",648.8888888888889,347.5098039215686,111.23529411764706,48.26797385620915,0.1111111111111111,141.76470588235293,45.0780983,-83.56030273,690.0,7888.0,1117.0,238.0,14.160750507099392
ART,"Watertown, NY: Watertown International",665.5426356589147,109.85271317829458,180.69767441860466,118.94573643410853,0.15503875968992248,255.89147286821705,43.991901,-76.021698,325.0,6714.0,1063.0,322.0,15.832588620792373
ASE,"Aspen, CO: Aspen Pitkin County Sardy Field",5957.785714285715,2476.12012987013,751.8831168831168,954.3409090909091,9.532467532467532,1765.909090909091,39.223202,-106.869003,7820.0,105283.0,25533.0,6002.0,24.25177853974526
ATL,"Atlanta, GA: Hartsfield-Jackson Atlanta International",27408.477285633162,8514.613571834185,1457.2268597387847,8242.801249290176,28.817149346961955,9165.018455423055,33.6367,-84.428101,1026.0,8367889.0,1526715.0,127918.0,18.24492413797554
ATW,"Appleton, WI: Appleton International",1264.9392888117952,498.78837814397224,121.22723330442324,182.76235906331308,1.5810928013876844,460.58022549869906,44.258099,-88.519096,918.0,105764.0,22035.0,3125.0,20.834121251087325
ATY,"Watertown, SD: Watertown Regional",478.0,261.3235294117647,65.23529411764706,37.73529411764706,0.0,113.70588235294117,44.91400146,-97.15470123,1749.0,1748.0,230.0,65.0,13.157894736842104
AUS,"Austin, TX: Austin - Bergstrom International",3838.1361834654585,1343.6118346545866,185.849093997735,672.9849943374859,6.977066817667044,1628.7131936579842,30.197535,-97.662015,542.0,1208482.0,242794.0,16576.0,20.090824687500515
AVL,"Asheville, NC: Asheville Regional",1276.6891891891892,447.97837837837835,121.39527027027027,233.6810810810811,2.3628378378378376,471.27162162162165,35.436199,-82.541801,2165.0,139288.0,28961.0,3731.0,20.792171615645284
AVP,"Scranton/Wilkes-Barre, PA: Wilkes Barre Scranton International",824.2903865213083,299.6461843409316,72.99603567889,133.37264618434094,1.0713577799801783,316.97026759167494,41.338500976599995,-75.72339630130001,962.0,58150.0,12746.0,1790.0,21.919174548581253
AZA,"Phoenix, AZ: Mesa Gateway",8077.659793814433,2716.6494845360826,748.2061855670103,1184.639175257732,27.4020618556701,3400.762886597938,33.3078,-111.654999,1382.0,43757.0,10816.0,1023.0,24.7183307813607
AZO,"Kalamazoo, MI: Kalamazoo/Battle Creek International",866.6724137931035,314.6600985221675,94.80172413793103,154.85591133004925,0.43226600985221675,301.92241379310343,42.234901428222656,-85.5521011352539,874.0,62058.0,11686.0,2557.0,18.83077121402559
BDL,"Hartford, CT: Bradley International",2151.1424,770.57696,112.02368,366.52832,3.20224,898.8112,41.93851,-72.688066,173.0,566964.0,117662.0,10396.0,20.75299313536662
BET,"Bethel, AK: Bethel Airport",543.3629893238434,214.39857651245552,72.37010676156584,75.19928825622776,0.8469750889679716,180.54804270462634,60.77980042,-161.8379974,126.0,20760.0,3099.0,640.0,14.927745664739883
BFF,"Scottsbluff, NE: Scottsbluff W Neb Regional Wm B Heilig Field",764.0212765957447,460.8085106382979,49.819148936170215,55.659574468085104,0.0,197.7340425531915,41.87400055,-103.5960007,3967.0,4822.0,799.0,131.0,16.5698880132725
BFL,"Bakersfield, CA: Meadows Field",1393.7032967032967,597.4285714285714,57.324175824175825,134.0952380952381,2.6575091575091574,602.1978021978022,35.433601,-119.056999,510.0,72383.0,12623.0,960.0,17.43917770747275
BFM,"Mobile, AL: Mobile Downtown",205.07692307692307,82.61538461538461,0.0,92.84615384615384,0.0,29.615384615384617,30.626800537100003,-88.06809997559999,26.0,204.0,44.0,10.0,21.568627450980394
BGM,"Binghamton, NY: Greater Binghamton/Edwin A. Link Field",610.0409836065573,263.1188524590164,92.04508196721312,116.22950819672131,0.5081967213114754,138.13934426229508,42.20869827,-75.97979736,1636.0,14476.0,2368.0,331.0,16.358109975131253
BGR,"Bangor, ME: Bangor International",948.5221674876848,335.37339901477833,88.53793103448275,152.24532019704432,0.9773399014778326,371.38817733990146,44.8074,-68.828102,192.0,70694.0,15317.0,2444.0,21.66661951509322
BHM,"Birmingham, AL: Birmingham-Shuttlesworth International",1855.508064516129,667.0407258064516,127.8766129032258,284.7233870967742,3.577822580645161,772.2895161290322,33.562901,-86.753502,650.0,400363.0,82450.0,6558.0,20.593811116411857
BIH,"Bishop, CA: Bishop Airport",695.939393939394,381.54545454545456,42.515151515151516,62.42424242424242,5.636363636363637,203.8181818181818,37.3731,-118.363998,4124.0,1101.0,279.0,43.0,25.340599455040874
BIL,"Billings, MT: Billings Logan International",676.1587947882737,290.94625407166126,52.07410423452769,100.63925081433224,0.6522801302931596,231.8469055374593,45.807701,-108.542999,3652.0,96563.0,15636.0,901.0,16.19253751436886
BIS,"Bismarck/Mandan, ND: Bismarck Municipal",816.098445595855,348.4497409326425,82.0,115.87772020725389,0.8031088082901554,268.9678756476684,46.772701263427734,-100.74600219726562,1661.0,73416.0,13099.0,1388.0,17.84215974719407
BJI,"Bemidji, MN: Bemidji Regional",558.7150837988827,334.25698324022346,110.72067039106145,45.687150837988824,0.11731843575418995,67.93296089385476,47.50939941,-94.93370056,1391.0,10106.0,1132.0,161.0,11.201266574312289
BKG,"Branson, MO: Branson Airport",350.8014184397163,98.2482269503546,13.24822695035461,76.177304964539,0.0,163.12765957446808,36.532082,-93.200544,1302.0,6944.0,1053.0,81.0,15.164170506912441
BLI,"Bellingham, WA: Bellingham International",583.741144414169,196.5177111716621,36.46049046321526,90.9182561307902,1.7438692098092643,258.1008174386921,48.79280090332031,-122.53800201416016,170.0,28585.0,4124.0,557.0,14.427147105125066
BLV,"Belleville, IL: Scott AFB MidAmerica St Louis",1388.6703296703297,594.4615384615385,143.41758241758242,224.2967032967033,11.23076923076923,415.2637362637363,38.5452,-89.835197,459.0,8580.0,1788.0,256.0,20.83916083916084
BMI,"Bloomington/Normal, IL: Central Il Regional Airport at Bloomington",887.3687739463602,319.117816091954,73.25766283524904,123.98467432950191,1.5881226053639848,369.4204980842912,40.4771,-88.915901,871.0,68302.0,14764.0,1956.0,21.615765277737108
BNA,"Nashville, TN: Nashville International",4514.883707373943,1499.2293791897407,228.79830953074907,733.1856601573885,9.90119498688429,2043.769163509181,36.1245,-86.6782,599.0,1463644.0,276586.0,24506.0,18.897081530754747
BOI,"Boise, ID: Boise Air Terminal",1827.3036929057337,704.354713313897,85.57531584062197,205.12730806608357,3.682215743440233,828.564139941691,43.5644,-116.223,2871.0,401152.0,71031.0,3083.0,17.70675454690491
BOS,"Boston, MA: Logan International",10687.679534487652,2929.958558047119,473.73658813511213,3325.2512063582176,12.858927050808969,3945.874254896395,42.36197,-71.0079,20.0,2707287.0,586015.0,66484.0,21.645839543424838
BPT,"Beaumont/Port Arthur, TX: Jack Brooks Regional",658.9692307692308,236.34230769230768,96.65384615384616,115.77692307692308,1.6115384615384616,208.58461538461538,29.9508,-94.020699,15.0,15691.0,2765.0,536.0,17.621566503090943
BQK,"Brunswick, GA: Brunswick Golden Isles",968.0503597122303,449.23021582733816,123.39568345323741,138.19064748201438,0.39568345323741005,256.83812949640287,31.258801,-81.466499,26.0,22023.0,4397.0,416.0,19.96549062343913
BQN,"Aguadilla, PR: Rafael Hernandez",981.9686520376175,390.55172413793105,48.86677115987461,185.9780564263323,5.327586206896552,351.2445141065831,,,,34917.0,10002.0,624.0,28.645072600738896
BRD,"Brainerd, MN: Brainerd Lakes Regional",581.1103896103896,333.12987012987014,134.05194805194805,41.36363636363637,0.0,72.56493506493507,46.402861,-94.129727,1232.0,8790.0,978.0,141.0,11.126279863481228
BRO,"Brownsville, TX: Brownsville South Padre Island International",875.4782608695652,324.9916387959866,75.24414715719064,149.81939799331104,1.5836120401337792,321.5903010033445,25.90679931640625,-97.4259033203125,22.0,50032.0,8837.0,1156.0,17.66269587464023
BRW,"Barrow, AK: Wiley Post/Will Rogers Memorial",474.45862068965516,102.48620689655172,52.00344827586207,50.748275862068965,2.6344827586206896,266.58620689655174,71.285402,-156.766008,44.0,15440.0,2638.0,353.0,17.085492227979273
BTM,"Butte, MT: Bert Mooney",381.64285714285717,194.2406015037594,86.51503759398496,53.49624060150376,0.4924812030075188,46.8984962406015,45.95479965209961,-112.49700164794922,5550.0,17424.0,1730.0,333.0,9.928833792470156
BTR,"Baton Rouge, LA: Baton Rouge Metropolitan/Ryan Field",1582.585925925926,645.122962962963,152.8437037037037,273.4940740740741,2.0644444444444443,509.06074074074075,30.533199,-91.149597,70.0,173764.0,35994.0,3906.0,20.714302156948506
BTV,"Burlington, VT: Patrick Leahy Burlington International",1112.0115062761506,388.717050209205,84.1673640167364,202.23797071129707,1.0993723849372385,435.7897489539749,44.471901,-73.153297,335.0,152899.0,33379.0,4463.0,21.830751018646296
BUF,"Buffalo, NY: Buffalo Niagara International",2015.1615078148943,721.2988047808765,119.90101133925835,326.2755133312902,3.1964449892736746,844.4897333741956,42.940498,-78.732201,728.0,513129.0,110898.0,11625.0,21.61210923568927
BUR,"Burbank, CA: Bob Hope",2803.870187018702,920.3751375137514,67.50825082508251,318.93454345434543,6.168866886688669,1490.8833883388338,34.197703,-118.356378,778.0,596348.0,104509.0,11282.0,17.524834492611696
BWI,"Baltimore, MD: Baltimore/Washington International Thurgood Marshall",6521.40703052729,1755.3216157878508,349.83379586802346,1394.4215232809127,16.39932161578785,3005.4307739747146,39.1754,-76.668297,146.0,2188374.0,386483.0,38301.0,17.660738063968957
BZN,"Bozeman, MT: Bozeman Yellowstone International",865.2516688918558,368.2289719626168,61.54873164218959,133.75033377837116,1.0186915887850467,300.7049399198932,45.7775,-111.153,4473.0,137879.0,24417.0,1414.0,17.70900572240878
CAE,"Columbia, SC: Columbia Metropolitan",1790.0091145833333,668.7578125,148.88541666666666,288.3522135416667,2.07421875,681.939453125,33.938801,-81.119499,236.0,194259.0,42592.0,4831.0,21.925367679232366
CAK,"Akron, OH: Akron-Canton Regional",1503.4700854700855,476.69017094017096,97.81054131054131,219.35754985754986,1.4458689458689458,708.1659544159544,40.91609954833984,-81.44219970703125,1228.0,154803.0,33357.0,3190.0,21.548032014883432
CBM,"Columbus, MS: Columbus AFB",0.0,0.0,0.0,0.0,0.0,0.0,33.643799,-88.443802,219.0,1.0,0.0,0.0,0.0
CDB,"Cold Bay, AK: Cold Bay Airport",200.75,34.25,2.4375,49.625,41.3125,73.125,55.207871,-162.725029,96.0,262.0,90.0,9.0,34.35114503816794
CDC,"Cedar City, UT: Cedar City Regional",310.62698412698415,173.88888888888889,29.547619047619047,60.07936507936508,1.1071428571428572,46.00396825396825,37.70100021362305,-113.0989990234375,5622.0,13771.0,1665.0,113.0,12.09062522692615
CDV,"Cordova, AK: Merle K Mudhole Smith",576.7255639097745,150.31578947368422,20.26691729323308,65.95488721804512,0.5939849624060151,339.593984962406,60.491798,-145.477997,54.0,16057.0,2895.0,255.0,18.029519835585724
CEC,"Crescent City, CA: Jack McNamara Field",1343.5104895104896,397.97202797202794,57.9020979020979,89.84615384615384,1.055944055944056,796.7342657342657,41.778929,-124.236403,61.0,11967.0,3145.0,560.0,26.28060499707529
CGI,"Cape Girardeau, MO: Cape Girardeau Regional",897.0169491525423,506.271186440678,54.86440677966102,43.813559322033896,0.0,292.06779661016947,37.2253,-89.570801,342.0,3368.0,530.0,171.0,15.736342042755345
CHA,"Chattanooga, TN: Lovell Field",1156.8227848101267,439.6224869694713,107.5204765450484,191.44005956813106,1.011169024571854,417.22859270290394,35.035301,-85.203796,683.0,127642.0,24744.0,2730.0,19.385468732862225
CHO,"Charlottesville, VA: Charlottesville Albemarle",990.7772020725389,337.7119170984456,100.35025906735751,160.3502590673575,0.8673575129533678,391.4974093264249,38.13859939575195,-78.4529037475586,639.0,77314.0,14151.0,2034.0,18.30328271723103
CHS,"Charleston, SC: Charleston AFB/International",1600.5001736714137,596.3063563737409,101.39076068079194,292.1281695032998,2.7384508509899272,607.9364362625912,32.898602,-80.040497,46.0,388088.0,78590.0,9519.0,20.250561728267815
CIC,"Chico, CA: Chico Municipal",1656.2158273381294,606.5467625899281,18.848920863309353,99.69064748201438,0.41007194244604317,930.7194244604317,39.795595,-121.857716,240.0,14398.0,3627.0,539.0,25.190998749826367
CID,"Cedar Rapids/Iowa City, IA: The Eastern Iowa",1207.408323959505,445.94656917885266,104.50168728908886,197.54274465691788,1.31214848143982,458.1051743532058,41.884701,-91.7108,869.0,173812.0,35784.0,5131.0,20.587761489425358
CIU,"Sault Ste. Marie, MI: Chippewa County International",752.1931034482759,400.848275862069,162.83448275862068,71.54482758620689,7.855172413793103,109.1103448275862,46.247707,-84.471379,800.0,8433.0,1288.0,148.0,15.27333096169809
CKB,"Clarksburg/Fairmont, WV: North Central West Virginia",648.4966887417219,310.2384105960265,62.58940397350993,67.11920529801324,0.847682119205298,207.7019867549669,39.2966,-80.228104,1217.0,4997.0,1047.0,143.0,20.952571542925753
CLD,"Carlsbad, CA: McClellan-Palomar",941.9142857142857,395.22857142857146,28.451428571428572,78.93142857142857,1.8628571428571428,437.44,33.1283,-117.279999,331.0,27917.0,3824.0,539.0,13.697746892574417
CLE,"Cleveland, OH: Cleveland-Hopkins International",3916.7807517084284,1146.3060933940774,193.09652619589977,788.4718109339408,6.3527904328018225,1782.5381548974942,41.411701,-81.8498,791.0,1185758.0,231309.0,21638.0,19.507268768163488
CLL,"College Station/Bryan, TX: Easterwood Field",773.0742268041237,316.0123711340206,102.42268041237114,106.90927835051546,0.6762886597938145,247.0536082474227,30.5886,-96.3638,320.0,40848.0,6540.0,1149.0,16.01057579318449
CLT,"Charlotte, NC: Charlotte Douglas International",11568.984341418483,3743.5474362910654,615.1203561559718,2363.2354927847714,19.52072459318391,4827.560331593491,35.2140007019043,-80.94309997558594,748.0,3508307.0,595855.0,66663.0,16.984117980553012
CMH,"Columbus, OH: John Glenn Columbus International",2628.5809973443493,885.3062850398347,158.01652404839186,464.1127176158159,4.358217763352021,1116.7872528769549,39.998001,-82.891899,815.0,764717.0,156197.0,14829.0,20.425464583630283
CMI,"Champaign/Urbana, IL: University of Illinois/Willard",2193.481707317073,579.984756097561,277.3048780487805,437.7256097560976,0.6890243902439024,897.7774390243902,40.039819,-88.276249,755.0,48167.0,11680.0,1925.0,24.248967135175537
CMX,"Hancock/Houghton, MI: Houghton County Memorial",899.8709677419355,332.84331797235023,144.89400921658986,98.46082949308756,0.31336405529953915,323.3594470046083,47.168399810791016,-88.48909759521484,1095.0,12249.0,2558.0,778.0,20.88333741529921
CNY,"Moab, UT: Canyonlands Regional",433.4096385542169,236.6987951807229,61.31325301204819,30.746987951807228,0.0,104.65060240963855,38.755001,-109.754997,4557.0,4440.0,579.0,90.0,13.04054054054054
COD,"Cody, WY: Yellowstone Regional",770.4265129682997,316.3688760806916,89.34005763688761,99.51008645533142,0.2622478386167147,264.94524495677234,44.520199,-109.024002,5102.0,22143.0,3977.0,425.0,17.960529286907825
COS,"Colorado Springs, CO: City of Colorado Springs Municipal",2005.4478417266187,795.5191846522782,132.97661870503597,281.9940047961631,2.857314148681055,792.1007194244604,38.805801,-104.700996,6187.0,263652.0,57072.0,4275.0,21.646716125802193
COU,"Columbia, MO: Columbia Regional",947.243553008596,283.29226361031516,96.68194842406876,136.134670487106,0.3868194842406877,430.74785100286533,38.8181,-92.219597,889.0,22278.0,4827.0,845.0,21.667115539994615
CPR,"Casper, WY: Casper/Natrona County International",1274.5735660847881,552.3740648379053,111.72319201995012,143.19700748129677,1.0947630922693268,466.1845386533666,42.908001,-106.463997,5350.0,51380.0,8207.0,851.0,15.973141300116778
CRP,"Corpus Christi, TX: Corpus Christi International",1374.8685927306617,461.16123019571296,122.46132339235787,203.00372786579683,1.4426840633737186,586.7996272134203,27.770399,-97.501198,44.0,138062.0,27160.0,3133.0,19.672321131086036
CRW,"Charleston/Dunbar, WV: West Virginia International Yeager",1051.8777046095954,401.61429915333963,112.08842897460019,151.54844778927563,1.528692380056444,385.09783631232364,38.3731,-81.593201,981.0,84171.0,17610.0,2228.0,20.921695120647254
CSG,"Columbus, GA: Columbus Airport",1063.1256983240223,470.2122905027933,135.85754189944134,170.9804469273743,0.20391061452513967,285.87150837988827,32.516300201416016,-84.93890380859375,397.0,32900.0,6585.0,833.0,20.015197568389056
CVG,"Cincinnati, OH: Cincinnati/Northern Kentucky International",5318.800754716981,1983.083396226415,663.9879245283018,1065.9403773584907,7.153584905660377,1598.6354716981132,39.048801,-84.667801,896.0,1396658.0,240855.0,33968.0,17.24509507696229
CWA,"Mosinee, WI: Central Wisconsin",847.2350157728706,253.1813880126183,111.07097791798107,140.1955835962145,1.4258675078864353,341.36119873817034,44.777448,-89.670238,1277.0,40361.0,7944.0,1386.0,19.682366641064394
CYS,"Cheyenne, WY: Cheyenne Regional/Jerry Olson Field",676.2989690721649,330.1958762886598,104.95876288659794,46.144329896907216,0.0,195.0,41.155701,-104.811997,6159.0,3822.0,603.0,118.0,15.777080062794349
DAB,"Daytona Beach, FL: Daytona Beach International",799.4483188044832,304.38107098381073,64.92777085927771,143.84308841843088,1.4694894146948942,284.826899128269,29.179899,-81.058098,34.0,59815.0,11760.0,979.0,19.660620245757755
DAL,"Dallas, TX: Dallas Love Field",13678.589327146172,3369.957076566125,599.5823665893272,2483.448955916473,30.453596287703018,7195.147331786543,32.847099,-96.851799,487.0,1268572.0,227987.0,27884.0,17.971940102729683
DAY,"Dayton, OH: James M Cox/Dayton International",1461.7931760741365,481.34330244313395,102.28180286436394,242.67059814658805,1.134793597304128,634.3626790227464,39.902401,-84.219398,1009.0,270756.0,56155.0,6258.0,20.74007593552867
DBQ,"Dubuque, IA: Dubuque Regional",949.25,237.109375,103.09375,235.25520833333334,0.0,373.7916666666667,42.402,-90.709503,1077.0,15577.0,3541.0,729.0,22.732233421069527
DCA,"Washington, DC: Ronald Reagan Washington National",7105.66928251121,2103.040358744395,401.7572869955157,1814.5891255605382,10.718890134529149,2775.498878923767,38.8521,-77.037697,15.0,2158718.0,408230.0,61752.0,18.910760923844617
DDC,"Dodge City, KS: Dodge City Regional",662.3636363636364,345.54545454545456,56.378787878787875,54.621212121212125,0.0,205.8181818181818,37.76340103149414,-99.9655990600586,2594.0,3365.0,493.0,100.0,14.650817236255573
DEC,"Decatur, IL: Decatur Airport",980.8153846153846,631.7846153846153,59.04615384615385,60.04615384615385,0.0,229.93846153846152,39.834598541259766,-88.8656997680664,682.0,4279.0,702.0,131.0,16.405702266884788
DEN,"Denver, CO: Denver International",17344.37966500147,5448.165442256833,866.5727299441669,4040.7120188069352,22.224213928886275,6966.705260064648,39.861698150635,-104.672996521,5431.0,5306784.0,966944.0,84958.0,18.220903658411572
DFW,"Dallas/Fort Worth, TX: Dallas/Fort Worth International",23476.108131997644,7275.725397760754,1657.9425456688273,4957.299646434885,31.752799057159695,9553.387743076017,32.896801,-97.038002,607.0,6156362.0,1151067.0,145272.0,18.697194869307555
DHN,"Dothan, AL: Dothan Regional",1347.6319444444443,592.5173611111111,181.25347222222223,195.61805555555554,2.0729166666666665,376.1701388888889,31.321300506591797,-85.44960021972656,401.0,29787.0,6484.0,611.0,21.767885319098937
DIK,"Dickinson, ND: Dickinson - Theodore Roosevelt Regional",933.9090909090909,326.12987012987014,110.72727272727273,140.28571428571428,0.11688311688311688,356.64935064935065,46.797533,-102.801905,2592.0,8118.0,1660.0,300.0,20.448386302044838
DLG,"Dillingham, AK: Dillingham Airport",234.08,85.0,26.325714285714287,24.805714285714284,0.6971428571428572,97.25142857142858,59.04470062,-158.5050049,81.0,4435.0,773.0,178.0,17.429537767756482
DLH,"Duluth, MN: Duluth International",982.8485981308411,404.5607476635514,147.83551401869158,144.57943925233644,0.5551401869158878,285.31775700934577,46.842098,-92.193604,1428.0,47811.0,8150.0,1292.0,17.046286419443224
DRO,"Durango, CO: Durango La Plata County",1087.5818713450292,477.05116959064327,81.35818713450293,121.10818713450293,2.4809941520467835,405.5833333333333,37.151501,-107.753998,6685.0,65668.0,11790.0,1429.0,17.953950173600536
DRT,"Del Rio, TX: Del Rio International",398.140625,177.25,25.171875,49.8125,0.0,145.90625,29.3742008209,-100.927001953,1002.0,3363.0,423.0,72.0,12.578055307760927
DSM,"Des Moines, IA: Des Moines International",1405.1052434456928,499.71722846441946,104.3805243445693,235.6629213483146,1.0561797752808988,564.2883895131087,41.534,-93.663101,958.0,296293.0,63699.0,6676.0,21.498651672499857
DTW,"Detroit, MI: Detroit Metro Wayne County",8568.82822410148,3210.475158562368,595.7640063424947,1652.4223044397463,13.347515856236786,3096.8192389006344,42.21377,-83.353786,645.0,3029568.0,502284.0,47499.0,16.579393497686798
DUT,"Unalaska, AK: Unalaska Airport",1330.7,530.2666666666667,141.6,412.73333333333335,0.0,246.1,53.89881,-166.544996,22.0,2074.0,770.0,348.0,37.126325940212155
DVL,"Devils Lake, ND: Devils Lake Regional",743.9925373134329,339.2164179104478,93.86567164179104,37.75373134328358,0.5746268656716418,272.5820895522388,48.115454,-98.908796,1456.0,7048.0,1004.0,361.0,14.245175936435869
EAR,"Kearney, NE: Kearney Regional",805.8983050847457,454.33898305084745,88.69491525423729,59.05084745762712,0.0,203.8135593220339,40.727001,-99.006798,2131.0,3609.0,605.0,108.0,16.763646439456913
EAT,"Wenatchee, WA: Pangborn Memorial",379.56043956043953,132.78021978021977,22.35164835164835,54.73626373626374,0.0,169.69230769230768,47.398899,-120.207001,1249.0,6140.0,836.0,190.0,13.615635179153093
EAU,"Eau Claire, WI: Chippewa Valley Regional",779.6011904761905,346.07738095238096,40.11309523809524,92.42857142857143,0.0,300.98214285714283,44.86579895019531,-91.48429870605467,913.0,9792.0,1884.0,381.0,19.240196078431374
ECP,"Panama City, FL: Northwest Florida Beaches International",1240.3097345132744,464.1382743362832,96.36725663716814,184.43584070796462,1.372787610619469,493.99557522123894,30.357106,-85.795414,69.0,98231.0,18610.0,1426.0,18.94513951807474
EFD,"Houston, TX: Ellington",695.1176470588235,154.64705882352942,38.05882352941177,334.1764705882353,0.0,168.23529411764707,29.6072998047,-95.1587982178,32.0,2012.0,316.0,72.0,15.705765407554672
EGE,"Eagle, CO: Eagle County Regional",1049.4643765903309,405.0559796437659,118.79516539440203,198.0801526717557,0.8651399491094147,326.6679389312977,39.64260101,-106.9179993,6548.0,50726.0,11656.0,1420.0,22.97835429562749
EKO,"Elko, NV: Elko Regional",522.9285714285714,263.703007518797,80.42105263157895,84.33458646616542,0.6390977443609023,93.83082706766918,40.82490158081055,-115.79199981689452,5140.0,24373.0,2625.0,405.0,10.770114470930949
ELM,"Elmira/Corning, NY: Elmira/Corning Regional",905.3575418994413,451.67597765363126,74.89944134078212,120.01396648044692,1.3072625698324023,257.4608938547486,42.1599006652832,-76.8916015625,954.0,26531.0,4686.0,485.0,17.66235724247107
ELP,"El Paso, TX: El Paso International",1939.1312554872695,663.2194907813872,87.42010535557506,219.52985074626866,3.6514486391571555,965.3103599648815,31.807199,-106.377998,3959.0,410384.0,83118.0,4741.0,20.253713595071932
ENV,"Wendover, UT: Wendover Airport",,,,,,,40.7187004089,-114.03099823,4237.0,0.0,0.0,0.0,
ERI,"Erie, PA: Erie International/Tom Ridge Field",666.281795511222,244.38403990024938,63.87780548628429,108.23192019950125,0.4089775561097257,249.3790523690773,42.083127,-80.173867,732.0,24899.0,4345.0,672.0,17.45050002008113
ESC,"Escanaba, MI: Delta County",682.5734265734266,396.1468531468532,132.7902097902098,43.97202797202797,0.1048951048951049,109.55944055944056,45.723199,-87.088623,609.0,7767.0,1118.0,184.0,14.394232007209991
EUG,"Eugene, OR: Mahlon Sweet Field",1681.9491945477075,682.8141263940521,89.03841387856258,176.46096654275092,2.5452292441140023,731.090458488228,44.12459945678711,-123.21199798583984,374.0,138449.0,24164.0,2243.0,17.4533582763328
EVV,"Evansville, IN: Evansville Regional",970.2713754646841,352.8113382899628,98.65706319702602,170.01301115241637,1.983271375464684,346.80669144981414,38.0369987488,-87.5324020386,418.0,92852.0,17687.0,2683.0,19.04859346056089
EWN,"New Bern/Morehead/Beaufort, NC: Coastal Carolina Regional",891.7491289198606,309.54355400696863,79.25435540069687,115.91289198606272,1.5470383275261324,385.4912891986063,35.0730018616,-77.04290008539999,18.0,22891.0,4147.0,500.0,18.116290245074484
EWR,"Newark, NJ: Newark Liberty International",17722.13746548021,2910.2476219699292,679.1942313593127,9572.388769561216,15.43786437557533,4544.868978214176,40.692501,-74.168701,18.0,2912283.0,794971.0,97675.0,27.297175446204918
EYW,"Key West, FL: Key West International",988.9402480270575,365.7666290868095,100.59977452085683,261.6313416009019,0.27395715896279593,260.6685456595265,24.556101,-81.759598,3.0,80022.0,14244.0,1623.0,17.80010497113294
FAI,"Fairbanks, AK: Fairbanks International",1359.6339434276206,541.0981697171381,45.66222961730449,236.26788685524127,12.512479201331114,524.0931780366057,64.815102,-147.856003,439.0,96978.0,17603.0,1214.0,18.15153952442822
FAR,"Fargo, ND: Hector International",1100.5536384096024,438.4973743435859,114.03300825206301,160.86721680420106,0.6646661665416355,386.4913728432108,46.92070007324219,-96.81580352783205,902.0,121537.0,23911.0,2871.0,19.673844179138865
FAT,"Fresno, CA: Fresno Yosemite International",2056.4438377535103,853.4890795631825,97.1365054602184,201.69266770670828,3.709048361934477,900.4165366614665,36.776199,-119.718002,336.0,260103.0,46039.0,3039.0,17.70029565210705
FAY,"Fayetteville, NC: Fayetteville Regional/Grannis Field",1009.8047752808989,414.685393258427,109.8188202247191,137.25702247191012,1.5154494382022472,346.5280898876405,34.991199,-78.880302,189.0,59968.0,11978.0,1111.0,19.97398612593383
FCA,"Kalispell, MT: Glacier Park International",703.9601366742597,311.4248291571754,64.36902050113895,104.18109339407745,0.9145785876993167,223.07061503416855,48.31050109863281,-114.25599670410156,2977.0,72610.0,11731.0,693.0,16.156176835146674
FLG,"Flagstaff, AZ: Flagstaff Pulliam",1110.7920792079208,573.0759075907591,90.22772277227723,85.99009900990099,2.7194719471947195,358.7788778877888,35.1385,-111.670998,7014.0,37529.0,4872.0,1154.0,12.981960617122759
FLL,"Fort Lauderdale, FL: Fort Lauderdale-Hollywood International",8202.664814814814,2536.2466666666664,303.68518518518516,2154.09,24.06074074074074,3184.5822222222223,26.072599,-80.152702,9.0,1682204.0,370970.0,26182.0,22.052616686204527
FLO,"Florence, SC: Florence Regional",740.8510638297872,260.8670212765957,110.23936170212765,106.44148936170212,1.0159574468085106,262.28723404255317,34.18539810180664,-79.7238998413086,146.0,12461.0,2324.0,393.0,18.650188588395793
FMN,"Farmington, NM: Four Corners Regional",427.1666666666667,181.16666666666666,24.166666666666668,125.5,0.0,96.33333333333333,36.741199,-108.230003,5506.0,88.0,26.0,0.0,29.545454545454547
FNL,"Fort Collins/Loveland, CO: Northern Colorado Regional",0.0,0.0,0.0,0.0,0.0,0.0,40.44969,-105.011272,5016.0,1.0,0.0,0.0,0.0
FNT,"Flint, MI: Bishop International",1119.1680532445923,398.1131447587354,84.0873544093178,183.4891846921797,0.569883527454243,452.90848585690514,42.96540069580078,-83.74359893798828,782.0,109519.0,23443.0,1971.0,21.40541823793132
FOD,"Fort Dodge, IA: Fort Dodge Regional",789.4150943396227,459.62264150943395,29.528301886792452,40.24528301886792,0.0,260.0188679245283,42.552624,-94.191237,1156.0,2661.0,466.0,89.0,17.512213453588878
FOE,"Topeka, KS: Topeka Regional",1286.888888888889,367.77777777777777,15.333333333333334,267.1111111111111,0.0,636.6666666666666,38.950901,-95.663597,1078.0,449.0,164.0,29.0,36.525612472160354
FSD,"Sioux Falls, SD: Joe Foss Field",1038.320576816417,399.71214642262896,87.63616195230172,163.73655019412092,0.8718801996672213,386.36383804769827,43.585463,-96.741152,1429.0,142587.0,30265.0,3386.0,21.225637680854494
FSM,"Fort Smith, AR: Fort Smith Regional",851.8582834331337,340.0379241516966,90.91017964071857,114.39121756487026,0.23952095808383234,306.27944111776446,35.336601,-94.367401,469.0,39916.0,7697.0,1093.0,19.282994288004808
FWA,"Fort Wayne, IN: Fort Wayne International",1529.5214285714285,591.5375,152.86785714285713,223.44196428571428,1.7964285714285715,559.8776785714285,40.9785,-85.195099,814.0,127093.0,26777.0,3468.0,21.06882361735107
GCC,"Gillette, WY: Northeast Wyoming Regional",772.212389380531,343.2079646017699,54.60619469026549,126.31858407079646,0.3230088495575221,247.7566371681416,44.3489,-105.539001,4365.0,18639.0,2918.0,379.0,15.655346316862492
GCK,"Garden City, KS: Garden City Regional",571.9748427672956,204.0503144654088,94.11320754716981,72.0,0.7610062893081762,201.0503144654088,37.9275016785,-100.723999023,2891.0,8778.0,1449.0,242.0,16.507177033492823
GEG,"Spokane, WA: Spokane International",1443.7642512077296,570.0154589371981,68.54299516908213,178.65169082125604,3.542512077294686,623.0115942028986,47.6199,-117.533997,2376.0,335076.0,59873.0,2994.0,17.86848356790698
GFK,"Grand Forks, ND: Grand Forks International",624.2368421052631,301.2719298245614,92.79605263157895,98.90570175438596,0.875,130.38815789473685,47.949299,-97.176102,845.0,30070.0,4533.0,612.0,15.074825407382775
GGG,"Longview, TX: East Texas Regional",586.5817490494296,236.06463878326997,88.04182509505704,79.25855513307985,0.9467680608365019,182.2699619771863,32.38399887084961,-94.71150207519533,365.0,16686.0,2830.0,522.0,16.960326021814694
GJT,"Grand Junction, CO: Grand Junction Regional",1031.647971360382,463.3257756563246,86.42840095465394,136.34248210023867,1.009546539379475,344.5417661097852,39.126663,-108.529387,4858.0,96097.0,14951.0,1480.0,15.558238030323526
GLH,"Greenville, MS: Greenville Mid Delta",0.0,0.0,0.0,0.0,0.0,0.0,33.482899,-90.985603,131.0,2.0,0.0,0.0,0.0
GNV,"Gainesville, FL: Gainesville Regional",1111.9825072886297,473.6822157434402,106.58600583090379,178.12390670553935,1.4285714285714286,352.1618075801749,29.6900997162,-82.2717971802,152.0,66023.0,13065.0,1179.0,19.788558532632567
GPT,"Gulfport/Biloxi, MS: Gulfport-Biloxi International",917.7779491133384,333.73939861218196,105.9514263685428,170.33924441017734,1.1881264456437934,306.5597532767926,30.407301,-89.070099,28.0,111459.0,21339.0,2380.0,19.145156514951687
GRB,"Green Bay, WI: Green Bay Austin Straubel International",1099.1885714285713,442.88714285714286,88.76857142857143,182.4842857142857,1.2742857142857142,383.7742857142857,44.483459,-88.130805,695.0,125929.0,25285.0,3756.0,20.078774547562514
GRI,"Grand Island, NE: Central Nebraska Regional",474.8914728682171,199.97674418604652,77.76744186046511,60.89922480620155,0.5077519379844961,135.74031007751938,40.967498779296875,-98.30960083007812,1847.0,11093.0,1893.0,264.0,17.0648156495087
GRK,"Killeen, TX: Robert Gray AAF",1344.2714285714285,546.6982142857142,139.19464285714287,199.92142857142858,1.5321428571428573,456.925,31.0672,-97.828903,1015.0,68492.0,13602.0,2154.0,19.859253635461073
GRR,"Grand Rapids, MI: Gerald R. Ford International",1588.2892938496584,598.3724373576309,121.02999240698557,269.90546697038724,1.816628701594533,597.16476841306,42.88079834,-85.52279663,794.0,333479.0,70708.0,7297.0,21.20313423034134
GSO,"Greensboro/High Point, NC: Piedmont Triad International",1522.510397830018,537.876582278481,128.3146473779385,282.15958408679927,1.6433092224231465,572.5162748643761,36.097801,-79.937302,925.0,268020.0,55973.0,7436.0,20.88388926199537
GSP,"Greer, SC: Greenville-Spartanburg International",1479.692099322799,538.507900677201,106.28623024830699,246.7665914221219,1.7002257336343116,586.431151241535,34.895699,-82.218903,964.0,264572.0,54528.0,6480.0,20.609890691380798
GST,"Gustavus, AK: Gustavus Airport",199.04109589041096,58.38356164383562,6.109589041095891,28.301369863013697,0.2328767123287671,106.01369863013699,58.4253006,-135.7070007,35.0,1891.0,318.0,58.0,16.816499206768906
GTF,"Great Falls, MT: Great Falls International",778.1989528795812,360.6125654450262,69.82897033158814,105.45898778359512,0.8184991273996509,241.47993019197207,47.48199844,-111.3710022,3680.0,56214.0,8276.0,584.0,14.72231116803643
GTR,"Columbus, MS: Golden Triangle Regional",842.1923076923077,370.13986013986016,94.37062937062937,124.27272727272727,0.3881118881118881,253.020979020979,33.450298,-88.5914,264.0,22072.0,4091.0,409.0,18.534795215657848
GUC,"Gunnison, CO: Gunnison-Crested Butte Regional",486.48228346456693,201.95472440944883,65.2755905511811,59.27755905511811,0.32086614173228345,159.6535433070866,38.534672,-106.934566,7680.0,16541.0,3488.0,586.0,21.08699594945892
GUF,"Gulf Shores, AL: Gulf Shores International Jack Edwards Field",435.0,103.0,43.333333333333336,83.0,0.0,205.66666666666666,30.290501,-87.671799,17.0,124.0,31.0,0.0,25.0
GUM,"Guam, TT: Guam International",432.967032967033,173.75274725274724,7.626373626373627,61.26923076923077,0.0,190.3186813186813,,,,8699.0,1455.0,65.0,16.726060466720313
HDN,"Hayden, CO: Yampa Valley",545.1886336154777,208.42684401451027,49.32648125755744,93.60217654171704,1.0157194679564692,192.8174123337364,40.481201,-107.218002,6606.0,36749.0,7633.0,823.0,20.77063321450924
HGR,"Hagerstown, MD: Hagerstown Regional-Richard A. Henson Field",283.5164835164835,99.75824175824175,36.15384615384615,50.7032967032967,0.0,96.9010989010989,39.708771,-77.728014,703.0,1595.0,386.0,43.0,24.200626959247646
HHH,"Hilton Head, SC: Hilton Head Airport",1238.2953367875648,464.7616580310881,170.02072538860102,255.79274611398964,3.4093264248704664,344.31088082901556,32.2244,-80.697502,19.0,18536.0,3436.0,460.0,18.53690116529996
HIB,"Hibbing, MN: Range Regional",488.5064935064935,238.96753246753246,143.57142857142858,52.54545454545455,4.1688311688311686,49.253246753246756,47.384831,-92.836905,1354.0,9028.0,946.0,157.0,10.47851129818343
HKY,"Hickory, NC: Hickory Regional",668.8,237.8,194.2,145.0,0.0,91.8,35.74110031,-81.38950348,1190.0,696.0,140.0,30.0,20.114942528735632
HLN,"Helena, MT: Helena Regional",655.7831858407079,276.7699115044248,63.45796460176991,90.06194690265487,0.11283185840707964,225.38053097345133,46.6068,-111.983002,3877.0,40511.0,5284.0,450.0,13.043370936288909
HNL,"Honolulu, HI: Daniel K Inouye International",4427.819154628143,2186.649545211343,116.39753879079721,598.1284109149277,11.705189941144997,1514.9384697699304,21.32062,-157.924228,13.0,1129552.0,154068.0,8655.0,13.63974389846594
HOB,"Hobbs, NM: Lea County Regional",786.6045197740114,315.8587570621469,72.72881355932203,163.8870056497175,0.0,234.12994350282486,32.6875,-103.217003,3661.0,8575.0,1777.0,214.0,20.723032069970845
HOU,"Houston, TX: William P Hobby",7095.35843186061,1877.4063472308649,324.12632233976353,1248.1462352209085,16.482265090230243,3629.1972619788426,29.645399,-95.2789,46.0,1217780.0,226848.0,25232.0,18.627995204388313
HPN,"White Plains, NY: Westchester County",2414.012383900929,913.469040247678,149.23529411764707,443.0719814241486,4.219814241486068,904.0162538699691,41.06700134277344,-73.70760345458984,439.0,207856.0,47229.0,6127.0,22.7219806019552
HRL,"Harlingen/San Benito, TX: Valley International",1143.364367816092,345.1022988505747,65.66666666666667,120.6816091954023,1.239080459770115,610.6747126436782,26.228500366210938,-97.65440368652344,36.0,100346.0,18741.0,1903.0,18.67637972614753
HSV,"Huntsville, AL: Huntsville International-Carl T Jones Field",1235.9750663129973,471.68541114058354,110.23978779840849,207.831299734748,1.8031830238726791,444.4153846153846,34.637199,-86.775101,629.0,200183.0,38674.0,4469.0,19.319322819620048
HTS,"Ashland, WV: Tri-State/Milton J. Ferguson Field",519.9078014184397,169.41489361702128,70.77659574468085,80.67021276595744,2.124113475177305,196.92198581560282,38.366699,-82.557999,828.0,14777.0,2464.0,470.0,16.674561819043106
HVN,"New Haven, CT: Tweed New Haven",580.0588235294117,174.14705882352942,75.01470588235294,85.47058823529412,1.6176470588235294,243.80882352941177,41.26369858,-72.88680267,12.0,4398.0,671.0,231.0,15.25693497044111
HYA,"Hyannis, MA: Cape Cod Gateway",350.3103448275862,182.48275862068965,11.431034482758621,32.275862068965516,0.5172413793103449,123.60344827586206,41.6693,-70.280403,54.0,1477.0,264.0,42.0,17.87406905890318
HYS,"Hays, KS: Hays Regional",960.469696969697,496.0,62.28787878787879,83.99242424242425,5.234848484848484,312.95454545454544,38.844521,-99.273148,1999.0,8386.0,1459.0,197.0,17.39804435964703
IAD,"Washington, DC: Washington Dulles International",6298.479987962684,1842.9006921456514,289.03460728257596,1340.4854047547396,5.5215167017755045,2820.5377670779417,38.9445,-77.455803,312.0,1718709.0,313770.0,40071.0,18.25614458293987
IAG,"Niagara Falls, NY: Niagara Falls International",356.4634146341463,131.7439024390244,50.55487804878049,85.35975609756098,2.573170731707317,86.23170731707317,43.1073,-78.946198,589.0,5324.0,819.0,201.0,15.383170548459804
IAH,"Houston, TX: George Bush Intercontinental/Houston",13766.002883691124,3870.3050304389617,780.1063761614867,3962.0362063441203,21.012816404998397,5132.5424543415575,29.984399795532227,-95.34140014648438,97.0,3822665.0,680817.0,60784.0,17.81000950907286
ICT,"Wichita, KS: Wichita Dwight D Eisenhower National",1258.5725506407607,466.3154195948739,92.64737494832575,197.2612649855312,1.4663083918974782,500.8821827201323,37.649899,-97.433098,1333.0,241700.0,51834.0,5511.0,21.445593711212247
IDA,"Idaho Falls, ID: Idaho Falls Regional",1205.1984126984128,541.8829365079365,120.09722222222223,143.75,2.4464285714285716,397.0218253968254,43.514599,-112.070999,4744.0,69827.0,10476.0,868.0,15.002792616036775
IFP,"Bullhead City, AZ: Laughlin/Bullhead International",298.92857142857144,178.14285714285714,17.642857142857142,45.214285714285715,0.0,57.92857142857143,35.157398,-114.559998,701.0,365.0,68.0,0.0,18.63013698630137
ILE,"Killeen, TX: Skylark Field",1162.0645161290322,648.2258064516129,208.58064516129033,165.38709677419354,0.0,139.8709677419355,31.0858001709,-97.6865005493,848.0,5371.0,850.0,56.0,15.825730776391733
ILG,"Wilmington, DE: New Castle",813.7636363636364,212.25454545454545,53.56363636363636,257.27272727272725,0.0,290.6727272727273,39.678699,-75.606499,80.0,2121.0,688.0,49.0,32.43752946723244
ILM,"Wilmington, NC: Wilmington International",972.4505066250974,347.2751363990647,83.31722525331254,162.0077942322681,1.6827747466874512,378.1675759937646,34.270599365234375,-77.90260314941406,32.0,111242.0,20942.0,2653.0,18.825623415616406
IMT,"Iron Mountain/Kingsfd, MI: Ford",595.7597402597403,329.6623376623377,120.62987012987013,40.12337662337662,0.8181818181818182,104.52597402597402,45.81911,-88.114557,1182.0,8909.0,1135.0,156.0,12.739925917611405
IND,"Indianapolis, IN: Indianapolis International",2585.0169082125603,883.5340848094471,131.2187332259796,462.01556629092863,4.51556629092861,1103.7329575952765,39.7173,-86.294403,797.0,849149.0,167292.0,14982.0,19.701136078591624
INL,"International Falls, MN: Falls International Einarson Field",475.8773006134969,216.50306748466258,119.90184049079754,44.263803680981596,0.25153374233128833,94.95705521472392,48.566200256347656,-93.4030990600586,1185.0,8401.0,1010.0,176.0,12.022378288299013
IPL,"El Centro, CA: Imperial County",459.89915966386553,241.49579831932772,8.025210084033613,21.319327731092436,0.8739495798319328,188.18487394957984,32.83539,-115.574026,-54.0,8415.0,1318.0,82.0,15.66250742721331
IPT,"Williamsport, PA: Williamsport Regional",431.1363636363636,98.13636363636364,45.34090909090909,103.86363636363636,0.0,183.79545454545453,41.242126,-76.92245,529.0,2099.0,283.0,157.0,13.482610767031918
ISN,"Williston, ND: Sloulin Field International",986.168918918919,361.18918918918916,56.060810810810814,183.1891891891892,0.27702702702702703,385.4527027027027,,,,14295.0,2373.0,251.0,16.600209863588667
ISO,"Kinston, NC: Kinston Regional Jetport at Stallings Field",1120.1739130434783,522.0869565217391,287.17391304347825,188.1304347826087,0.0,122.78260869565217,35.331401825,-77.60880279540001,93.0,1456.0,407.0,32.0,27.953296703296704
ISP,"Islip, NY: Long Island MacArthur",3265.3752310536042,1045.2107208872458,184.88354898336414,429.3086876155268,8.040665434380776,1597.931608133087,40.79520035,-73.10019684,99.0,160766.0,31844.0,3106.0,19.80767077615914
ITH,"Ithaca/Cortland, NY: Ithaca Tompkins International",714.9759036144578,228.49397590361446,97.34036144578313,109.60843373493977,0.3704819277108434,279.16265060240966,42.49100112915039,-76.4583969116211,1099.0,18249.0,3202.0,763.0,17.54616691325552
ITO,"Hilo, HI: Hilo International",828.0293103448275,400.9603448275862,16.908620689655173,52.87758620689655,2.018965517241379,355.2637931034483,19.721399,-155.048004,38.0,137883.0,12004.0,757.0,8.705931840763546
IYK,"Inyokern, CA: Inyokern Airport",250.77777777777777,135.84126984126985,7.595238095238095,13.063492063492063,0.4365079365079365,93.84126984126983,35.65879822,-117.8300018,2457.0,9783.0,862.0,302.0,8.811203107431258
JAC,"Jackson, WY: Jackson Hole",960.4850299401197,393.3002566295979,105.88280581693755,129.51497005988023,0.7733105218135158,331.0136869118905,43.6072998046875,-110.73799896240234,6451.0,90840.0,17955.0,1456.0,19.765521796565388
JAN,"Jackson/Vicksburg, MS: Jackson Medgar Wiley Evers International",1446.7133717210493,536.2290467050544,123.59373000639795,244.11644273832374,2.398592450415867,540.3755598208573,32.311199,-90.075897,346.0,208172.0,41337.0,4015.0,19.857137367177142
JAX,"Jacksonville, FL: Jacksonville International",2238.038232528988,804.4609840175493,136.9034785333751,403.81635850830463,3.782199937323723,889.075211532435,30.492469,-81.687813,30.0,607876.0,126675.0,9440.0,20.838953997196796
JFK,"New York, NY: John F. Kennedy International",15759.755102040815,4245.65306122449,656.4568929612661,5768.586422324031,28.42149104539775,5060.637234485631,40.639447,-73.779317,13.0,2383903.0,547182.0,56091.0,22.95319901858423
JHM,"Kapalua, HI: Kapalua Airport",273.85185185185185,115.62962962962963,0.48148148148148145,20.22222222222222,0.5555555555555556,136.96296296296296,20.9629,-156.673004,256.0,3099.0,201.0,406.0,6.485963213939981
JLN,"Joplin, MO: Joplin Regional",836.1494252873563,381.67241379310343,71.0632183908046,79.19540229885058,0.9540229885057471,303.264367816092,37.151798,-94.498299,981.0,9659.0,1828.0,294.0,18.925354591572628
JMS,"Jamestown, ND: Jamestown Regional",925.6343283582089,450.26119402985074,180.79850746268656,72.85074626865672,0.5522388059701493,221.17164179104478,46.92969894,-98.67819977,1500.0,9747.0,1316.0,388.0,13.501590232892172
JNU,"Juneau, AK: Juneau International",2486.736526946108,875.1946107784431,158.89221556886227,391.27245508982037,13.964071856287426,1047.4131736526947,58.355,-134.576004,21.0,97233.0,16289.0,1223.0,16.75254286096284
JST,"Johnstown, PA: John Murtha Johnstown-Cambria County",1402.3035714285713,795.875,194.30357142857142,49.410714285714285,0.42857142857142855,362.2857142857143,40.31610107421875,-78.83390045166016,2284.0,3331.0,617.0,104.0,18.52296607625338
KOA,"Kona, HI: Ellison Onizuka Kona International at Keahole",981.0031847133758,454.46624203821654,17.80063694267516,152.20955414012738,2.8687898089171973,353.6579617834395,19.738783,-156.045603,47.0,279482.0,31994.0,1681.0,11.447606643719451
KTN,"Ketchikan, AK: Ketchikan International",1511.5522875816994,614.7058823529412,80.31372549019608,230.5359477124183,5.03921568627451,580.9575163398692,55.35559845,-131.7140045,89.0,52790.0,9147.0,570.0,17.327145292669066
LAN,"Lansing, MI: Capital Region International",899.8560687432868,380.8098818474758,64.71643394199785,136.9452201933405,1.1321160042964553,316.25241675617616,42.77870178222656,-84.58740234375,861.0,68251.0,13661.0,2066.0,20.015823943971515
LAR,"Laramie, WY: Laramie Regional",688.5512820512821,348.78846153846155,72.13461538461539,68.2051282051282,0.16666666666666666,199.25641025641025,41.31209945678711,-105.6750030517578,7284.0,8155.0,1330.0,349.0,16.30901287553648
LAS,"Las Vegas, NV: Harry Reid International",10638.348497854076,3009.462947067239,399.5041487839771,2571.7527896995707,26.24206008583691,4631.386552217454,36.083361,-115.151817,2181.0,3522062.0,689350.0,40652.0,19.572341429537584
LAW,"Lawton/Fort Sill, OK: Lawton-Fort Sill Regional",937.4012539184953,384.26959247648904,137.44827586206895,118.35109717868339,0.5830721003134797,296.7492163009404,34.567699,-98.416603,1110.0,29852.0,5064.0,1031.0,16.963687525123945
LAX,"Los Angeles, CA: Los Angeles International",14234.775995416787,4841.2254368375825,592.7694070466915,3160.8143798338583,35.73417358922945,5604.2325981094245,33.942501,-118.407997,125.0,4701574.0,897583.0,59804.0,19.091117145024196
LBB,"Lubbock, TX: Lubbock Preston Smith International",1646.6574239713775,554.6484794275492,117.7227191413238,202.38998211091234,2.1198568872987478,769.7763864042934,33.663601,-101.822998,3282.0,160373.0,33338.0,3234.0,20.787788468133662
LBE,"Latrobe, PA: Arnold Palmer Regional",990.8503937007874,265.1102362204724,49.51968503937008,351.15748031496065,3.5118110236220472,321.5511811023622,40.275902,-79.4048,1199.0,9803.0,1853.0,245.0,18.902376823421402
LBF,"North Platte, NE: North Platte Regional Airport Lee Bird Field",696.6923076923077,360.9120879120879,41.46153846153846,56.97802197802198,0.0,237.34065934065933,41.12620163,-100.6839981,2777.0,4870.0,825.0,152.0,16.940451745379878
LBL,"Liberal, KS: Liberal Mid-America Regional",570.3555555555556,265.0444444444444,56.06666666666667,56.96666666666667,0.0,192.27777777777777,37.0442009,-100.9599991,2885.0,4565.0,705.0,122.0,15.443592552026287
LCH,"Lake Charles, LA: Lake Charles Regional",767.6916488222698,283.75160599571734,113.4154175588865,128.23340471092078,1.3897216274089936,240.90149892933619,30.126100540161133,-93.22329711914062,15.0,34855.0,5749.0,1039.0,16.49404676516999
LCK,"Columbus, OH: Rickenbacker International",1524.1538461538462,581.967032967033,191.6153846153846,245.64835164835165,5.527472527472527,499.3956043956044,39.813801,-82.927803,744.0,8022.0,1847.0,256.0,23.024183495387685
LEX,"Lexington, KY: Blue Grass",1304.325736520289,492.97832128960533,131.78154530294609,216.8449138410228,1.3696498054474708,461.3513062812674,38.036499,-84.605904,979.0,192532.0,38584.0,4697.0,20.040304988261692
LFT,"Lafayette, LA: Lafayette Regional Paul Fournet Field",1199.0813953488373,464.24418604651163,130.38953488372093,200.26937984496124,2.253875968992248,401.9244186046512,30.205299,-91.987602,42.0,106930.0,20180.0,2579.0,18.872159356588423
LGA,"New York, NY: LaGuardia",12792.676488095238,2826.514583333333,707.5032738095238,5903.352380952381,11.459821428571429,3343.8464285714285,40.777199,-73.872597,21.0,2695993.0,646053.0,101744.0,23.963452427361645
LGB,"Long Beach, CA: Long Beach Airport",2517.7725947521867,857.8960155490768,70.80758017492711,410.7687074829932,6.257531584062196,1172.0427599611273,33.816523,-118.149891,60.0,304492.0,49535.0,2823.0,16.26807929272362
LIH,"Lihue, HI: Lihue Airport",915.9567819148937,433.250664893617,16.914228723404257,127.47938829787235,2.634973404255319,335.67752659574467,21.976,-159.339005,153.0,269442.0,29077.0,1914.0,10.791561820354659
LIT,"Little Rock, AR: Bill and Hillary Clinton Nat Adams Field",1670.0004306632213,594.2515073212747,121.1916451335056,270.7097329888028,2.3410852713178296,681.5064599483204,34.729582,-92.223728,262.0,322755.0,70116.0,6015.0,21.724218060138494
LMT,"Klamath Falls, OR: Crater Lake Klamath Regional",1015.4305555555555,309.8611111111111,23.77777777777778,75.13888888888889,0.25,606.4027777777778,42.156101,-121.733002,4095.0,6288.0,1150.0,139.0,18.28880407124682
LNK,"Lincoln, NE: Lincoln Airport",1382.280487804878,515.5259146341464,79.8125,191.72256097560975,1.0746951219512195,594.1448170731708,40.85100173950195,-96.75920104980467,1219.0,62030.0,13520.0,1557.0,21.795905207157826
LNY,"Lanai, HI: Lanai Airport",1155.3829787234042,327.72340425531917,35.255319148936174,74.08510638297872,0.0,718.3191489361702,20.785675,-156.951324,1308.0,5226.0,864.0,135.0,16.532721010332953
LRD,"Laredo, TX: Laredo International",871.6764252696456,326.52542372881356,93.45916795069337,147.92141756548537,1.1741140215716488,302.5963020030817,27.543800354003903,-99.46160125732422,508.0,53553.0,9962.0,1163.0,18.602132466901946
LSE,"La Crosse, WI: La Crosse Regional",792.6336633663366,271.94257425742575,85.81386138613861,164.9009900990099,0.7306930693069307,269.2455445544554,43.879002,-91.256699,655.0,36109.0,6972.0,1025.0,19.30820571048769
LWB,"Lewisburg, WV: Greenbrier Valley",536.679104477612,247.00746268656715,47.850746268656714,56.19402985074627,0.0,185.62686567164178,37.857914,-80.400438,2302.0,5261.0,1003.0,141.0,19.064816574795664
LWS,"Lewiston, ID: Lewiston Nez Perce County",344.4745098039216,187.86274509803923,63.62352941176471,41.63529411764706,0.7647058823529411,50.588235294117645,46.3745002746582,-117.01499938964844,1442.0,16329.0,1580.0,76.0,9.676036499479453
LYH,"Lynchburg, VA: Lynchburg Regional/Preston Glenn Field",975.8484848484849,291.74891774891773,160.0909090909091,143.21212121212122,1.4805194805194806,379.31601731601734,37.326698,-79.200401,938.0,20773.0,3753.0,524.0,18.066721224666633
MAF,"Midland/Odessa, TX: Midland International Air and Space Port",1777.469264069264,602.0614718614719,113.12380952380953,244.8034632034632,3.399134199134199,814.0813852813853,31.942499,-102.202003,2871.0,181226.0,37107.0,3479.0,20.47553882996921
MBS,"Saginaw/Bay City/Midland, MI: MBS International",1172.0464344941956,528.7512437810946,85.71310116086235,171.2155887230514,0.7180762852404643,385.64842454394693,43.531913,-84.082275,668.0,56224.0,11235.0,1591.0,19.982569721115535
MCI,"Kansas City, MO: Kansas City International",3183.6113513513515,1106.702972972973,156.60351351351352,495.2532432432432,6.634324324324324,1418.4172972972974,39.2976,-94.713898,1026.0,1116483.0,219350.0,16804.0,19.646514993958707
MCN,"Macon, GA: Middle Georgia Regional",1874.2753623188405,797.5072463768116,474.463768115942,327.7536231884058,1.7246376811594204,272.82608695652175,32.69279861450195,-83.64920043945312,354.0,6483.0,2050.0,155.0,31.621163041801637
MCO,"Orlando, FL: Orlando International",11856.099732262383,3700.5180722891564,440.9802543507363,2782.803547523427,25.45548862115127,4906.282128514056,28.429399490356445,-81.30899810791016,96.0,2828354.0,581754.0,40513.0,20.56864169053803
MCW,"Mason City, IA: Mason City Municipal",830.7924528301887,452.0566037735849,43.9622641509434,39.301886792452834,0.0,295.47169811320754,43.159801,-93.329716,1213.0,2662.0,443.0,88.0,16.641622839969948
MDT,"Harrisburg, PA: Harrisburg International",906.4276139410188,335.59562109025916,84.9307417336908,148.29892761394103,0.8185880250223414,336.7837354781054,40.193501,-76.763397,310.0,161839.0,32458.0,3569.0,20.055734402708865
MDW,"Chicago, IL: Chicago Midway International",10957.168030207678,2720.3089993706735,659.1258653241032,2256.421019509125,29.249842668344872,5292.062303335431,41.785999,-87.752403,620.0,1886063.0,331304.0,35707.0,17.565903153818297
MEI,"Meridian, MS: Key Field",1190.6404958677685,538.7685950413223,129.29338842975207,138.37190082644628,0.34710743801652894,383.8595041322314,32.3326,-88.7519,297.0,16929.0,3697.0,450.0,21.83826569791482
MEM,"Memphis, TN: Memphis International",2885.4938106390096,1048.1261291401806,168.47440615590497,597.1716293074606,5.3713616594178655,1066.3502843760455,35.0424,-89.9767,341.0,841067.0,152871.0,16468.0,18.17584092587154
MFE,"Mission/McAllen/Edinburg, TX: McAllen International",1018.596268023749,386.28837998303646,89.10856658184902,147.65648854961833,1.7591178965224767,393.78371501272267,26.176141,-98.237965,107.0,92543.0,19380.0,1976.0,20.941616329706193
MFR,"Medford, OR: Rogue Valley International - Medford",1918.4952681388013,849.2917981072555,124.71924290220821,198.17350157728706,2.0709779179810726,744.2397476340694,42.37419891357422,-122.8730010986328,1335.0,118879.0,21285.0,2254.0,17.904760302492452
MGM,"Montgomery, AL: Montgomery Regional",1317.125,554.6919191919192,169.6300505050505,185.5921717171717,2.3396464646464645,404.8712121212121,32.300598,-86.393997,221.0,80197.0,16349.0,1601.0,20.386049353467087
MGW,"Morgantown, WV: Morgantown Municipal Walter L Bill Hart Field",1889.375,588.0,483.25,109.0,0.0,709.125,39.643305,-79.917598,1248.0,462.0,110.0,24.0,23.809523809523807
MHK,"Manhattan/Ft. Riley, KS: Manhattan Regional",1003.9734848484849,301.8560606060606,143.625,175.38636363636363,0.3446969696969697,382.7613636363636,39.14099884033203,-96.6707992553711,1057.0,22491.0,4494.0,604.0,19.981325863678805
MHT,"Manchester, NH: Manchester Boston Regional",1725.2305103757712,564.7128435221537,97.5703869882221,266.3163208076276,2.951205832865956,793.6797532249019,42.932598,-71.435699,266.0,269132.0,55643.0,5369.0,20.67498476583981
MIA,"Miami, FL: Miami International",9450.991239048812,3301.3704630788484,452.706299541093,2166.971631205674,21.538589904046724,3508.351689612015,25.79319953918457,-80.29060363769531,8.0,1739464.0,356118.0,27830.0,20.472858305776953
MKC,"Kansas City, MO: Charles B. Wheeler Downtown",0.0,0.0,0.0,0.0,0.0,0.0,39.123199,-94.592796,759.0,1.0,0.0,0.0,0.0
MKE,"Milwaukee, WI: General Mitchell International",2718.954945799458,957.1957994579946,143.70663956639567,473.1029810298103,3.3268970189701896,1141.6226287262873,42.947201,-87.896599,723.0,707748.0,141144.0,13519.0,19.942691466454164
MKG,"Muskegon, MI: Muskegon County",667.2151898734177,278.373417721519,38.30379746835443,78.4367088607595,0.0,272.1012658227848,43.169498,-86.238197,629.0,9371.0,1691.0,500.0,18.045032547220146
MKK,"Hoolehua, HI: Molokai",648.3191489361702,250.93617021276594,34.42553191489362,41.59574468085106,0.425531914893617,320.93617021276594,21.152901,-157.095993,454.0,3707.0,500.0,77.0,13.48799568384138
MLB,"Melbourne, FL: Melbourne Orlando International",795.1778140293637,319.41435562805873,72.72920065252855,143.49918433931484,0.7536704730831973,258.78140293637847,28.1028,-80.645302,33.0,47260.0,8965.0,786.0,18.969530258146424
MLI,"Moline, IL: Quad Cities International",1170.7763744427934,427.9138187221397,92.56240713224369,184.1812778603269,1.152303120356612,464.9665676077266,41.448502,-90.5075,590.0,119365.0,25922.0,3159.0,21.71658358815398
MLU,"Monroe, LA: Monroe Regional",1067.3636363636363,439.17411402157165,127.70416024653312,156.0708782742681,1.5947611710323575,342.81972265023114,32.510899,-92.037697,79.0,58738.0,11346.0,1331.0,19.31628587966904
MMH,"Mammoth Lakes, CA: Mammoth Lakes Airport",520.6417910447761,221.49253731343285,44.17910447761194,49.223880597014926,0.40298507462686567,205.34328358208955,37.625381,-118.84306,7135.0,2942.0,520.0,446.0,17.675050985724
MOB,"Mobile, AL: Mobile Regional",1187.7542997542998,466.87469287469287,123.92956592956592,200.33906633906633,1.5151515151515151,395.0958230958231,30.6912,-88.242798,219.0,123268.0,24276.0,2784.0,19.693675568679623
MOD,"Modesto, CA: Modesto City-County-Harry Sham Field",1962.015037593985,761.1052631578947,29.278195488721803,90.52631578947368,0.5488721804511278,1080.5563909774437,37.625801,-120.954002,97.0,19018.0,4585.0,1047.0,24.108739089283837
MOT,"Minot, ND: Minot International",888.5867446393762,399.1325536062378,128.5399610136452,139.61793372319687,0.6042884990253411,220.69200779727095,48.2593994140625,-101.27999877929688,1716.0,41624.0,7196.0,789.0,17.28810301748991
MQT,"Marquette, MI: Marquette Sawyer Regional",1095.811369509044,240.5684754521964,222.9250645994832,116.05426356589147,0.1421188630490956,516.1214470284237,46.3536,-87.395401,1221.0,20298.0,4922.0,599.0,24.248694452655435
MRY,"Monterey, CA: Monterey Regional",1481.1179554390565,599.0524246395806,69.09436435124509,153.35124508519004,2.673656618610747,656.9462647444299,36.58700180053711,-121.84300231933594,257.0,116123.0,19972.0,2684.0,17.19900450384506
MSN,"Madison, WI: Dane County Regional-Truax Field",1462.3850902184236,560.4715099715099,97.55128205128206,241.59591642924977,0.8494776828110161,561.9169040835708,43.1399,-89.337502,887.0,249654.0,51798.0,6150.0,20.747915114518495
MSO,"Missoula, MT: Missoula Montana",731.4580520732883,316.1234329797493,67.78688524590164,114.17839922854388,0.49758919961427195,232.87174541947925,46.91630173,-114.0910034,3206.0,89258.0,14502.0,859.0,16.247283156691836
MSP,"Minneapolis, MN: Minneapolis-St Paul International",8507.011373329542,3294.9567813477397,648.9459766846744,1781.1273812908728,13.893943702018767,2768.0872903042364,44.880081,-93.221741,841.0,2874591.0,474321.0,38622.0,16.50046911021429
MSY,"New Orleans, LA: Louis Armstrong New Orleans International",2961.486876261898,997.1234496683011,150.69426016729162,543.379290452841,6.460917219498125,1263.828958753966,29.993401,-90.258003,4.0,963347.0,188457.0,16648.0,19.562732847042653
MTH,"Marathon, FL: The Florida Keys Marathon International",368.8,288.2,0.0,50.6,0.0,30.0,24.726101,-81.051399,5.0,127.0,31.0,1.0,24.409448818897637
MTJ,"Montrose/Delta, CO: Montrose Regional",482.27272727272725,201.54807692307693,34.24213286713287,67.2465034965035,0.8653846153846154,178.37062937062936,38.5098,-107.893997,5759.0,49620.0,9708.0,990.0,19.564691656590085
MVY,"Martha's Vineyard, MA: Martha's Vineyard Airport",702.8156028368794,286.7659574468085,35.05673758865248,115.68085106382979,0.7730496453900709,264.5390070921986,41.3931007385,-70.6143035889,67.0,7488.0,1399.0,196.0,18.683226495726498
MWH,"Moses Lake, WA: Grant County International",115.76923076923077,27.23076923076923,6.0,2.769230769230769,0.0,79.76923076923077,47.20769882,-119.3199997,1189.0,675.0,37.0,11.0,5.481481481481482
MYR,"Myrtle Beach, SC: Myrtle Beach International",1160.165674066053,415.41093665403355,78.14618299945859,268.2122360584732,2.5923118570655115,395.8040064970222,33.679699,-78.928299,25.0,183053.0,35422.0,3938.0,19.350679857746115
OAJ,"Jacksonville/Camp Lejeune, NC: Albert J Ellis",909.6405919661734,373.8477801268499,85.55813953488372,118.08879492600423,1.1162790697674418,331.0295983086681,34.829201,-77.612099,94.0,37561.0,6924.0,729.0,18.43401400388701
OAK,"Oakland, CA: Oakland International",4014.1644462947543,1203.959616985845,73.10824313072439,501.20857618651127,12.489592006661116,2223.3984179850127,37.720085,-122.221184,9.0,1147679.0,205324.0,16304.0,17.89036829984691
OGD,"Ogden, UT: Ogden-Hinckley",63.333333333333336,28.863636363636363,2.3181818181818183,11.333333333333334,0.0,20.818181818181817,41.195899963379,-112.0120010376,4473.0,478.0,87.0,18.0,18.200836820083683
OGG,"Kahului, HI: Kahului Airport",1770.9801136363637,915.4369318181818,41.93409090909091,284.59659090909093,5.206818181818182,523.8056818181818,20.896263,-156.431837,54.0,496571.0,61028.0,3637.0,12.289884024640987
OGS,"Ogdensburg, NY: Ogdensburg International",684.0882352941177,469.22058823529414,50.1764705882353,34.9264705882353,0.27941176470588236,129.48529411764707,44.6819,-75.4655,297.0,2211.0,377.0,124.0,17.051108095884217
OKC,"Oklahoma City, OK: Okc Will Rogers International",1961.510847457627,727.9881355932204,130.60915254237287,286.76440677966104,2.5454237288135593,813.6037288135593,35.393388,-97.598248,1295.0,479965.0,103848.0,7760.0,21.63657766712156
OMA,"Omaha, NE: Eppley Airfield",1742.1939024390244,642.555487804878,108.44878048780488,276.6283536585366,2.5185975609756097,712.0426829268292,41.3032,-95.894096,984.0,500879.0,104045.0,7794.0,20.772481976684986
OME,"Nome, AK: Nome Airport",519.3972602739726,149.6164383561644,44.63356164383562,62.832191780821915,3.1198630136986303,259.19520547945206,64.51219940185547,-165.44500732421875,37.0,19257.0,3218.0,670.0,16.710806459988575
ONT,"Ontario, CA: Ontario International",2225.7331109257716,773.6930775646372,65.85613010842368,234.23603002502085,5.668890742285238,1146.2789824854044,34.056,-117.600998,944.0,575967.0,107940.0,6630.0,18.740657016808253
ORD,"Chicago, IL: Chicago O'Hare International",31066.169991570667,7264.100309075583,1345.4290531048048,11668.651587524586,25.51278449002529,10762.476257375667,41.9786,-87.9048,680.0,7114025.0,1529219.0,215604.0,21.49583393367327
ORF,"Norfolk, VA: Norfolk International",1694.7351387054161,617.844782034346,117.01354029062087,286.1489431968296,2.3844121532364597,671.3434610303831,36.895341,-76.201,26.0,405889.0,86430.0,9168.0,21.293999098275638
ORH,"Worcester, MA: Worcester Regional",671.4453125,311.20703125,43.9140625,81.5390625,1.23046875,233.5546875,42.2673,-71.875702,1009.0,12562.0,2492.0,525.0,19.8376054768349
OTH,"North Bend/Coos Bay, OR: Southwest Oregon Regional",839.5560975609756,223.94146341463414,22.35609756097561,86.04878048780488,0.08780487804878048,507.1219512195122,43.41709899902344,-124.24600219726562,17.0,9799.0,2751.0,253.0,28.07429329523421
OTZ,"Kotzebue, AK: Ralph Wien Memorial",503.22945205479454,196.67465753424656,41.38356164383562,72.11301369863014,2.191780821917808,190.8664383561644,66.88469696,-162.598999,14.0,19153.0,3053.0,573.0,15.94006160914739
OWB,"Owensboro, KY: Owensboro Daviess County Regional",102.12903225806451,42.483870967741936,5.354838709677419,15.193548387096774,0.0,39.096774193548384,37.74010086,-87.16680145,407.0,543.0,120.0,25.0,22.099447513812155
OXR,"Oxnard/Ventura, CA: Oxnard",507.6235294117647,282.29411764705884,21.41176470588235,23.95294117647059,2.0470588235294116,177.91764705882352,34.200801849365,-119.20700073242,45.0,10352.0,1073.0,196.0,10.36514683153014
PAE,"Everett, WA: Seattle Paine Field International",1565.591836734694,393.85714285714283,44.16326530612245,286.15646258503403,3.510204081632653,837.9047619047619,47.9063,-122.281998,606.0,25231.0,4307.0,658.0,17.07027069874361
PAH,"Paducah, KY: Barkley Regional",824.0451612903225,361.3677419354839,33.9741935483871,89.6774193548387,0.18064516129032257,338.8451612903226,37.06079864501953,-88.7738037109375,410.0,9843.0,1854.0,390.0,18.83572081682414
PBG,"Plattsburgh, NY: Plattsburgh International",596.1764705882352,315.38235294117646,50.36274509803921,92.63235294117646,0.8088235294117647,136.99019607843138,44.650901794433594,-73.46810150146484,234.0,7280.0,1275.0,258.0,17.513736263736263
PBI,"West Palm Beach/Palm Beach, FL: Palm Beach International",3047.9408688656476,1000.0526950925181,126.48230088495575,779.3946098149638,5.680611423974256,1136.3306516492357,26.683201,-80.095596,19.0,563893.0,129465.0,9058.0,22.959142957972524
PDX,"Portland, OR: Portland International",3888.212516297262,1313.7578226857888,144.13787483702737,617.658409387223,9.829530638852672,1802.8288787483702,45.588699,-122.598,31.0,1331532.0,230485.0,13829.0,17.30976048641715
PFN,"Panama City, FL: Bay County",1776.4949494949494,790.6919191919192,279.54545454545456,360.1818181818182,0.5555555555555556,345.520202020202,,,,23422.0,6244.0,548.0,26.658696951583984
PGD,"Punta Gorda, FL: Punta Gorda Airport",10284.397959183674,2832.7551020408164,798.8979591836735,2465.969387755102,23.479591836734695,4163.2959183673465,26.9202,-81.990501,26.0,46016.0,12732.0,1256.0,27.66863699582754
PGV,"Greenville, NC: Pitt Greenville",886.8461538461538,208.41346153846155,114.17307692307692,98.48076923076923,1.3557692307692308,464.4230769230769,35.635535,-77.384262,26.0,7931.0,1359.0,284.0,17.135291892573445
PHF,"Newport News/Williamsburg, VA: Newport News/Williamsburg International",1341.3391304347826,387.45217391304345,93.33188405797101,209.5782608695652,0.8028985507246377,650.1739130434783,37.131901,-76.492996,42.0,77854.0,15597.0,1452.0,20.033652734605802
PHL,"Philadelphia, PA: Philadelphia International",8778.9960496614,2239.245485327314,460.57562076749434,2940.1165349887133,11.382336343115124,3127.676072234763,39.871899,-75.241096,36.0,2254427.0,479254.0,51121.0,21.258350791575864
PHX,"Phoenix, AZ: Phoenix Sky Harbor International",10251.602957906713,3708.1021046643914,375.60409556313994,1788.1197383390215,29.415244596131966,4350.361774744028,33.435302,-112.005905,1135.0,3913811.0,655619.0,46527.0,16.75142207940036
PIA,"Peoria, IL: General Downing - Peoria International",1164.7927927927929,395.83423423423426,105.24054054054054,187.79189189189188,1.0468468468468468,474.8792792792793,40.6642,-89.693298,660.0,98112.0,21058.0,3313.0,21.4632257012394
PIB,"Hattiesburg/Laurel, MS: Hattiesburg-Laurel Regional",1020.8230769230769,450.9,46.83076923076923,62.5,0.0,460.5923076923077,31.4671,-89.337097,298.0,6985.0,1404.0,166.0,20.10021474588404
PIE,"St. Petersburg, FL: St Pete Clearwater International",10251.322314049587,2936.595041322314,837.5123966942149,2048.809917355372,22.33884297520661,4406.06611570248,27.9102,-82.687401,11.0,64289.0,15450.0,1782.0,24.032105025743128
PIH,"Pocatello, ID: Pocatello Regional",518.544776119403,282.69029850746267,68.5223880597015,80.61940298507463,0.3619402985074627,86.35074626865672,42.9098014831543,-112.59600067138672,4452.0,26247.0,2691.0,264.0,10.25260029717682
PIR,"Pierre, SD: Pierre Regional",709.2682926829268,430.6829268292683,84.65853658536585,60.41463414634146,0.0,133.5121951219512,44.38270187,-100.2860031,1744.0,1879.0,286.0,62.0,15.220862160723788
PIT,"Pittsburgh, PA: Pittsburgh International",2652.8427236315088,896.226702269693,139.4064085447263,460.543391188251,4.235781041388518,1152.43044058745,40.491501,-80.232903,1203.0,890089.0,173011.0,16241.0,19.43749445280191
PLN,"Pellston, MI: Pellston Regional Emmet County",863.8702702702702,473.41621621621624,200.7783783783784,66.27027027027027,2.016216216216216,121.3891891891892,45.57089996,-84.79669952,721.0,12444.0,1887.0,303.0,15.163934426229508
PMD,"Palmdale, CA: Palmdale USAF Plant 42",545.65,214.0,0.0,41.2,0.0,290.45,34.629398,-118.084999,2543.0,1121.0,199.0,36.0,17.752007136485283
PNS,"Pensacola, FL: Pensacola International",1253.7463343108504,443.71309872922774,107.50879765395895,223.29276637341152,2.0483870967741935,477.183284457478,30.4734,-87.1866,121.0,224192.0,45185.0,4377.0,20.154599628889525
PPG,"Pago Pago, TT: Pago Pago International",172.44776119402985,124.2089552238806,40.61940298507463,0.22388059701492538,2.8059701492537314,4.58955223880597,,,,1241.0,277.0,5.0,22.320709105560034
PQI,"Presque Isle/Houlton, ME: Presque Isle International",1203.9655172413793,373.367816091954,185.68965517241378,156.42528735632183,0.0,488.48275862068965,46.688999,-68.0448,534.0,3961.0,1136.0,269.0,28.67962635698056
PRC,"Prescott, AZ: Prescott Regional Ernest A Love Field",1182.3809523809523,498.75,94.48809523809524,54.51190476190476,0.5833333333333334,534.047619047619,34.654499,-112.419998,5045.0,5132.0,925.0,58.0,18.024162120031175
PSC,"Pasco/Kennewick/Richland, WA: Tri Cities",1310.3685897435898,574.0192307692307,139.15705128205127,149.4375,3.219551282051282,444.5352564102564,46.264702,-119.119003,410.0,92628.0,14653.0,1174.0,15.819190741460465
PSE,"Ponce, PR: Mercedita",805.4820846905537,337.9771986970684,29.504885993485342,118.89902280130293,2.273615635179153,316.8273615635179,,,,15071.0,4111.0,319.0,27.27755291619667
PSG,"Petersburg, AK: Petersburg James A Johnson",650.0187969924812,124.74436090225564,45.97744360902256,73.82706766917293,2.06390977443609,403.406015037594,56.80170059,-132.9450073,111.0,16022.0,3142.0,296.0,19.610535513668705
PSM,"Portsmouth, NH: Portsmouth International at Pease",298.4343434343434,142.68686868686868,42.61616161616162,55.63636363636363,1.8888888888888888,55.60606060606061,43.0778999329,-70.8233032227,100.0,2792.0,434.0,61.0,15.544412607449857
PSP,"Palm Springs, CA: Palm Springs International",1419.461367426348,536.5764313507505,60.61812117843246,201.650917176209,2.1078376876042246,618.5080600333519,33.8297,-116.507004,477.0,263344.0,47796.0,3293.0,18.149644571359136
PUB,"Pueblo, CO: Pueblo Memorial",734.3483146067416,411.6292134831461,74.95505617977528,62.87640449438202,0.550561797752809,184.3370786516854,38.289101,-104.497002,4726.0,4528.0,697.0,119.0,15.393109540636043
PUW,"Pullman, WA: Pullman Moscow Regional",554.0989010989011,199.3846153846154,23.065934065934066,89.6923076923077,0.3956043956043956,241.56043956043956,46.741601,-117.11163,2556.0,8587.0,1200.0,261.0,13.974612786770699
PVD,"Providence, RI: Rhode Island Tf Green International",1723.4762946754195,589.691466083151,92.21188913202042,280.6451495258935,3.4576951130561633,757.4700948212983,41.725038,-71.425668,55.0,410026.0,83157.0,8083.0,20.280909015525843
PVU,"Provo, UT: Provo Municipal",2438.4444444444443,874.2407407407408,260.8611111111111,319.212962962963,4.75,979.3796296296297,40.2192,-111.723,4497.0,10350.0,2899.0,270.0,28.009661835748794
PWM,"Portland, ME: Portland International Jetport",1142.9381177481737,409.3966480446927,90.09325311559948,204.53115599484315,1.132359260850881,437.78470133218735,43.646198,-70.309303,76.0,197203.0,42608.0,6241.0,21.60616217806017
RAP,"Rapid City, SD: Rapid City Regional",946.5418803418803,381.0965811965812,94.11794871794872,135.77777777777777,1.0623931623931624,334.4871794871795,44.0452995300293,-103.05699920654295,3204.0,103149.0,18492.0,2089.0,17.927464153796933
RCA,"Rapid City, SD: Ellsworth AFB",0.0,0.0,0.0,0.0,0.0,0.0,44.14500046,-103.1039963,3276.0,1.0,0.0,0.0,0.0
RDD,"Redding, CA: Redding Regional",1548.2323232323233,644.2053872053872,32.4983164983165,121.96632996632997,1.9158249158249159,747.6464646464647,40.50899887,-122.2929993,505.0,32483.0,7066.0,869.0,21.75291691038389
RDM,"Bend/Redmond, OR: Roberts Field",1749.8670309653917,736.8251366120219,138.95992714025502,174.30418943533698,3.6903460837887065,696.0874316939891,44.254101,-121.150002,3080.0,105538.0,16312.0,1629.0,15.456044268415168
RDU,"Raleigh/Durham, NC: Raleigh-Durham International",3899.419543429844,1298.1052338530067,214.0336859688196,688.3131959910913,6.091035634743875,1692.8763919821827,35.877602,-78.787498,435.0,1150705.0,236055.0,23924.0,20.513945798445302
RFD,"Rockford, IL: Chicago/Rockford International",620.5808823529412,259.4485294117647,59.05882352941177,100.15441176470588,3.573529411764706,198.34558823529412,42.1954,-89.097198,742.0,7525.0,1334.0,147.0,17.727574750830566
RHI,"Rhinelander, WI: Rhinelander/Oneida County",680.9590643274854,342.0701754385965,171.7251461988304,68.65497076023392,0.16374269005847952,98.34502923976608,45.63119888305664,-89.46749877929688,1624.0,11362.0,1431.0,239.0,12.594613624361909
RIC,"Richmond, VA: Richmond International",1831.962962962963,656.7181418706842,107.28060263653484,321.72975517890774,2.3992467043314503,743.8352165725047,37.505199,-77.319702,167.0,435029.0,93090.0,10095.0,21.3985734284381
RIW,"Riverton/Lander, WY: Central Wyoming Regional",721.5820895522388,431.2686567164179,94.64179104477611,60.28358208955224,1.7014925373134329,133.6865671641791,43.064201,-108.459999,5525.0,2955.0,487.0,80.0,16.480541455160743
RKS,"Rock Springs, WY: Southwest Wyoming Regional",755.6283185840708,358.2566371681416,56.876106194690266,120.99557522123894,0.6592920353982301,218.84070796460176,41.5942,-109.065001,6764.0,18901.0,2744.0,431.0,14.517750383577589
RNO,"Reno, NV: Reno/Tahoe International",1837.4753756260434,658.7779632721202,68.23080133555926,206.3034223706177,4.197412353923205,899.9657762938231,39.4991,-119.767998,4415.0,467034.0,88190.0,5114.0,18.882993529379018
ROA,"Roanoke, VA: Roanoke Blacksburg Regional",994.9511217948718,373.10737179487177,108.5360576923077,160.64342948717947,0.8565705128205128,351.8076923076923,37.3255,-79.975403,1175.0,95408.0,19295.0,2671.0,20.223670970987758
ROC,"Rochester, NY: Frederick Douglass Grtr Rochester International",1343.268924302789,462.6703187250996,86.49269588313413,228.4624833997344,1.552788844621514,564.0906374501992,43.1189,-77.672401,559.0,301572.0,66382.0,7649.0,22.011990503097103
ROP,"Rota, TT: Benjamin Taisacan Manglona International",42.2,16.8,0.0,10.4,0.0,15.0,,,,151.0,10.0,0.0,6.622516556291391
ROW,"Roswell, NM: Roswell Air Center",749.1567164179105,324.839552238806,95.66044776119404,84.24626865671642,1.9328358208955223,242.47761194029852,33.301601,-104.530998,3671.0,18212.0,3264.0,435.0,17.92224906654953
RST,"Rochester, MN: Rochester International",913.2861035422343,337.5286103542234,97.67711171662125,159.92234332425068,0.611716621253406,317.54632152588556,43.908298,-92.5,1317.0,55325.0,10769.0,2123.0,19.46497966561229
RSW,"Fort Myers, FL: Southwest Florida International",2739.460902255639,948.2714285714286,117.87406015037594,703.5169172932331,4.169548872180451,965.6289473684211,26.53619956970215,-81.75520324707031,30.0,654159.0,129398.0,10255.0,19.78081781340622
SAF,"Santa Fe, NM: Santa Fe Regional",1164.3151041666667,500.6770833333333,106.83072916666667,150.00520833333334,1.1822916666666667,405.6197916666667,35.6171,-106.088997,6348.0,32039.0,6369.0,726.0,19.878897593557852
SAN,"San Diego, CA: San Diego International",5131.080163838502,1695.7554125219426,205.59362200117027,949.5977179637215,11.218256290228204,2268.9151550614392,32.7336006165,-117.190002441,17.0,1861277.0,350658.0,23393.0,18.839646113931458
SAT,"San Antonio, TX: San Antonio International",2958.29777486911,1047.2280759162304,155.35896596858638,450.27814136125653,5.706806282722513,1299.7257853403141,29.533701,-98.469803,809.0,839051.0,170193.0,10769.0,20.28398750493117
SAV,"Savannah, GA: Savannah/Hilton Head International",1540.1570616883116,555.7199675324675,110.36282467532467,282.01339285714283,2.1400162337662336,589.9208603896104,32.127602,-81.202103,50.0,295532.0,62328.0,6889.0,21.090101917897215
SBA,"Santa Barbara, CA: Santa Barbara Municipal",1922.3638170974154,775.8061630218688,83.90258449304174,190.41948310139165,2.6172962226640157,869.6182902584493,34.426201,-119.839996,13.0,206519.0,34213.0,3744.0,16.56651446113917
SBN,"South Bend, IN: South Bend International",1466.5246511627906,630.3572093023256,146.5293023255814,187.81953488372093,0.9367441860465117,500.8818604651163,41.708698,-86.317299,799.0,112237.0,22931.0,2984.0,20.43087395422187
SBP,"San Luis Obispo, CA: San Luis Obispo County Regional",1808.384984025559,744.4297124600639,87.16453674121406,184.06709265175718,3.1629392971246006,789.5607028753993,35.236801147499996,-120.641998291,212.0,109687.0,18889.0,1781.0,17.220819240201664
SBY,"Salisbury, MD: Salisbury-Ocean City/Wicomico Regional",1611.9120879120878,422.2307692307692,240.27472527472528,217.23076923076923,0.6373626373626373,731.5384615384615,38.34049987792969,-75.51029968261719,52.0,12457.0,2060.0,156.0,16.53688689090471
SCC,"Deadhorse, AK: Deadhorse Airport",384.8369565217391,136.68478260869566,69.72101449275362,45.278985507246375,0.3333333333333333,132.81884057971016,70.19470215,-148.4649963,65.0,14686.0,1930.0,232.0,13.14176766988969
SCE,"State College, PA: State College Regional",780.4,272.8209677419355,87.39354838709677,119.1774193548387,0.3258064516129032,300.68225806451613,40.849374,-77.84852,1239.0,39133.0,6872.0,1238.0,17.560626581146348
SCK,"Stockton, CA: Stockton Metro",725.8080808080808,240.97979797979798,74.81818181818181,122.54545454545455,4.111111111111111,283.35353535353534,37.893279,-121.238079,33.0,5127.0,1181.0,165.0,23.034913204603082
SDF,"Louisville, KY: Louisville Muhammad Ali International",1858.748595505618,676.6165730337078,110.0193117977528,311.061797752809,3.133075842696629,757.9178370786517,38.1744,-85.736,501.0,438001.0,90015.0,7857.0,20.551322942185063
SEA,"Seattle, WA: Seattle/Tacoma International",8806.668549905839,2923.1666666666665,396.1864406779661,2017.7118644067796,24.370998116760827,3445.072818581293,47.447943,-122.310276,433.0,2935787.0,532235.0,31423.0,18.12921032758848
SFB,"Sanford, FL: Orlando Sanford International",18410.79120879121,6046.406593406594,1264.2637362637363,2969.21978021978,58.20879120879121,8072.692307692308,28.777599334716797,-81.23750305175781,55.0,73402.0,20404.0,2554.0,27.797607694613223
SFO,"San Francisco, CA: San Francisco International",16144.482703903523,3639.8762297683274,539.7105680736274,6931.649317676928,18.836877181847033,5014.409711202793,37.619806,-122.374821,13.0,3220545.0,785978.0,60167.0,24.405123977463443
SGF,"Springfield, MO: Springfield-Branson National",1717.8163265306123,607.3681027966742,169.02191987906275,277.9342403628118,1.7906273620559334,661.7014361300076,37.245701,-93.388603,1268.0,176629.0,37846.0,4208.0,21.426832513347186
SGU,"St. George, UT: St George Regional",1619.0260223048326,824.3457249070632,147.73234200743494,223.3457249070632,1.513011152416357,422.08921933085503,37.036389,-113.510306,2941.0,60855.0,8362.0,302.0,13.740859419932628
SHD,"Staunton, VA: Shenandoah Valley Regional",1199.8196721311476,640.5737704918033,82.19672131147541,43.83606557377049,3.9672131147540983,429.24590163934425,38.263802,-78.8964,1201.0,3441.0,637.0,89.0,18.512060447544318
SHR,"Sheridan, WY: Sheridan County",720.6865671641791,363.910447761194,89.74626865671642,51.32835820895522,0.7313432835820896,214.97014925373134,44.76919937133789,-106.9800033569336,4021.0,3609.0,547.0,81.0,15.156553061789971
SHV,"Shreveport, LA: Shreveport Regional",1537.0643171806166,636.031718061674,167.00969162995594,235.19823788546256,1.6475770925110131,497.1770925110132,32.446602,-93.8256,258.0,144096.0,28820.0,3373.0,20.000555185431935
SIT,"Sitka, AK: Sitka Rocky Gutierrez",895.7961165048544,257.2168284789644,46.02588996763754,112.85436893203884,1.6084142394822007,478.0906148867314,57.04710006713867,-135.36199951171875,21.0,28857.0,5502.0,462.0,19.066431021935752
SJC,"San Jose, CA: Norman Y. Mineta San Jose International",3142.732288828338,1009.2878065395096,89.90020435967303,401.01294277929156,7.662465940054496,1634.8688692098092,37.362452,-121.929188,62.0,1122709.0,190450.0,14894.0,16.9634339797757
SJT,"San Angelo, TX: San Angelo Regional/Mathis Field",840.393063583815,328.3150289017341,106.59537572254335,120.8728323699422,0.7890173410404624,283.8208092485549,31.35770034790039,-100.49600219726562,1919.0,31452.0,5536.0,881.0,17.601424392725423
SJU,"San Juan, PR: Luis Munoz Marin International",4358.981981981982,1899.9888712241655,221.18706942236355,882.8706942236354,17.542130365659776,1337.393216746158,,,,578046.0,136562.0,6841.0,23.6247634271321
SKA,"Spokane, WA: Fairchild AFB",0.0,0.0,0.0,0.0,0.0,0.0,47.615101,-117.655998,2461.0,1.0,0.0,0.0,0.0
SLC,"Salt Lake City, UT: Salt Lake City International",7333.563783237967,2879.9572534500167,503.0696735106025,1128.9518680578929,17.37866038370919,2804.2063278357455,40.78886,-111.979866,4227.0,2690793.0,384566.0,25200.0,14.291920634548996
SLE,"Salem, OR: McNary Field",567.3529411764706,367.5882352941176,30.823529411764707,74.11764705882354,1.8823529411764706,92.94117647058823,44.9095,-123.002998,214.0,880.0,281.0,1.0,31.931818181818183
SLN,"Salina, KS: Salina Regional",1305.1931818181818,549.7159090909091,146.9090909090909,107.63636363636364,0.0,500.9318181818182,38.79100036621094,-97.6521987915039,1288.0,5735.0,1146.0,132.0,19.982563208369662
SMF,"Sacramento, CA: Sacramento International",3315.6476892163428,1107.5247823174816,102.03683858004018,371.20428667113197,8.373409243134628,1726.5083724045546,38.6954,-121.591003,27.0,1071265.0,199039.0,11915.0,18.579809850970584
SMX,"Santa Maria, CA: Santa Maria Public/Capt. G. Allan Hancock Field",474.5238095238095,207.48809523809524,20.313492063492063,41.92460317460318,2.484126984126984,202.31349206349208,34.898899,-120.457001,261.0,21242.0,2597.0,391.0,12.225779116843988
SNA,"Santa Ana, CA: John Wayne Airport-Orange County",2711.573156899811,966.3814744801513,103.74480151228734,488.20037807183365,5.220037807183365,1148.0264650283555,33.675701,-117.867996,56.0,964494.0,156644.0,12812.0,16.24105489510562
SOP,"Pinehurst/Southern Pines, NC: Moore County",536.6666666666666,254.0,50.6,117.26666666666667,0.0,114.8,35.237184,-79.389381,455.0,317.0,133.0,6.0,41.95583596214511
SPI,"Springfield, IL: Abraham Lincoln Capital",779.9347408829175,277.7831094049904,49.896353166986565,97.02303262955854,1.0057581573896353,354.2264875239923,39.844101,-89.677902,598.0,30170.0,6149.0,1259.0,20.381173351010936
SPN,"Saipan, TT: Francisco C. Ada Saipan International",131.49,74.81,7.54,11.46,0.0,37.68,,,,3355.0,239.0,23.0,7.123695976154992
SPS,"Wichita Falls, TX: Sheppard AFB/Wichita Falls Municipal",915.6498054474708,390.2490272373541,126.59922178988327,131.7898832684825,1.2490272373540856,265.7626459143969,33.9888,-98.491898,1019.0,27296.0,4440.0,1066.0,16.266119577960144
SRQ,"Sarasota/Bradenton, FL: Sarasota/Bradenton International",1092.5475675675675,379.9108108108108,62.641621621621624,264.6962162162162,1.337837837837838,383.9610810810811,27.394631,-82.554359,30.0,174964.0,35065.0,3208.0,20.041265631787113
STC,"St. Cloud, MN: St. Cloud Regional",205.6153846153846,64.45054945054945,8.131868131868131,34.967032967032964,2.659340659340659,95.4065934065934,45.5466,-94.059898,1031.0,1634.0,339.0,66.0,20.746634026927786
STL,"St. Louis, MO: St Louis Lambert International",3936.8919382504287,1316.6326472269868,191.42481417953115,606.9205260148657,7.8742138364779874,1814.03401943968,38.748697,-90.370003,618.0,1362011.0,251285.0,22656.0,18.44955730900852
STS,"Santa Rosa, CA: Charles M. Schulz - Sonoma County",885.9228571428572,330.68,47.674285714285716,136.6,1.2114285714285715,369.75714285714287,38.50899887,-122.8130035,128.0,30984.0,5276.0,574.0,17.028143557965404
STT,"Charlotte Amalie, VI: Cyril E King",719.090774907749,326.0383763837638,42.050922509225096,166.06568265682657,2.973431734317343,181.96236162361623,,,,87114.0,17063.0,963.0,19.586977982873016
STX,"Christiansted, VI: Henry E. Rohlsen",291.04475524475527,132.04475524475524,21.307692307692307,51.28531468531469,1.867132867132867,84.53986013986014,,,,18938.0,3842.0,184.0,20.287253141831236
SUN,"Sun Valley/Hailey/Ketchum, ID: Friedman Memorial",752.7443181818181,373.98579545454544,92.97443181818181,120.9090909090909,1.0823863636363635,163.79261363636363,43.50439835,-114.2959976,5318.0,47046.0,5412.0,1057.0,11.503634740466778
SUX,"Sioux City, IA: Sioux Gateway Brig Gen Bud Day Field",802.0714285714286,278.64285714285717,89.06593406593407,142.9835164835165,0.0,291.3791208791209,42.397605,-96.382237,1098.0,10258.0,2249.0,384.0,21.92435172548255
SWF,"Newburgh/Poughkeepsie, NY: New York Stewart International",948.5983193277311,364.4739495798319,59.596638655462186,180.33109243697479,1.5445378151260505,342.6521008403361,41.504101,-74.104797,491.0,39841.0,9543.0,894.0,23.952712030320527
SWO,"Stillwater, OK: Stillwater Regional",516.5157894736842,192.98947368421054,112.43157894736842,71.91578947368421,0.1368421052631579,139.0421052631579,36.162132,-97.085581,1000.0,5396.0,700.0,158.0,12.972572275759822
SYR,"Syracuse, NY: Syracuse Hancock International",1250.0588447653429,461.6548736462094,77.15234657039711,225.68916967509026,1.25956678700361,484.3028880866426,43.11119842529297,-76.1063003540039,421.0,256074.0,56943.0,6399.0,22.236931511984817
TBN,"Fort Leonard Wood, MO: Waynesville-St. Robert Regional Forney Field",415.38461538461536,199.6153846153846,54.38461538461539,25.692307692307693,0.0,135.69230769230768,37.7416,-92.140701,1159.0,631.0,59.0,38.0,9.350237717908081
TEX,"Telluride, CO: Telluride Regional",280.1923076923077,206.53846153846155,18.03846153846154,40.96153846153846,4.0,10.653846153846153,37.9538,-107.907997,9070.0,1202.0,148.0,104.0,12.312811980033278
TKI,"Tokeen, AK: Tokeen Airport",,,,,,,55.937099,-133.326996,,0.0,0.0,0.0,
TLH,"Tallahassee, FL: Tallahassee International",1045.2970297029703,411.47074707470745,101.48874887488749,174.84788478847884,1.0234023402340233,356.46624662466246,30.3965,-84.350304,81.0,108471.0,20193.0,2024.0,18.616035622424427
TOL,"Toledo, OH: Eugene F Kranz Toledo Express",820.5995717344754,268.75160599571734,102.02569593147751,156.01498929336188,1.1241970021413277,292.6830835117773,41.5868,-83.8078,683.0,34440.0,6918.0,1196.0,20.087108013937282
TPA,"Tampa, FL: Tampa International",6489.259112233851,2087.9166365932874,273.53374233128835,1378.464453265969,13.054132082280764,2736.290147961025,27.9755,-82.533203,26.0,1588038.0,315751.0,21490.0,19.88308843994917
TRI,"Bristol/Johnson City/Kingsport, TN: Tri Cities",804.1058688147295,332.7836593785961,81.28998849252014,109.87917146144994,0.7640966628308401,279.3889528193326,36.475201,-82.407401,1519.0,66693.0,11640.0,1349.0,17.453106023120867
TTN,"Trenton, NJ: Trenton Mercer",3366.0421686746986,780.8614457831326,94.03614457831326,734.644578313253,0.0,1755.3313253012047,40.276699,-74.813499,213.0,28376.0,7470.0,790.0,26.32506343388779
TUL,"Tulsa, OK: Tulsa International",1842.1717814371257,671.5351796407185,123.17103293413173,262.88547904191614,2.403817365269461,782.1762724550898,36.19839859008789,-95.88809967041016,677.0,413704.0,88844.0,7178.0,21.475257672152072
TUP,"Tupelo, MS: Tupelo Regional",871.6363636363636,374.75757575757575,207.72727272727272,147.1818181818182,0.0,141.96969696969697,34.26810073852539,-88.7698974609375,346.0,1984.0,489.0,90.0,24.647177419354836
TUS,"Tucson, AZ: Tucson International",1811.6429738562092,684.7569444444445,92.63031045751634,240.54738562091504,4.082516339869281,789.625816993464,32.115004,-110.938053,2643.0,431882.0,84134.0,3816.0,19.480784103065186
TVC,"Traverse City, MI: Cherry Capital",804.7018894331701,312.7137858642407,61.81455563331001,132.44856543037088,0.616515045486354,297.1084674597621,44.74140167236328,-85.58219909667969,624.0,87324.0,18246.0,2243.0,20.894599422839082
TWF,"Twin Falls, ID: Joslin Field - Magic Valley Regional",685.3220973782771,366.6441947565543,93.02621722846442,102.63295880149813,0.23595505617977527,122.78277153558052,42.4818,-114.487999,4154.0,28418.0,3515.0,247.0,12.368921106341052
TXK,"Texarkana, AR: Texarkana Regional-Webb Field",742.9449838187702,292.5339805825243,88.4336569579288,98.7799352750809,0.6213592233009708,262.57605177993526,33.453701,-93.990997,390.0,24318.0,4225.0,828.0,17.37396167447981
TYR,"Tyler, TX: Tyler Pounds Regional",928.0028985507247,385.07246376811594,139.47246376811594,124.5391304347826,0.6260869565217392,278.2927536231884,32.35409927368164,-95.40239715576172,544.0,36545.0,6101.0,1115.0,16.694486249828977
TYS,"Knoxville, TN: McGhee Tyson",1938.8591288229843,687.9833178869324,151.44670991658944,327.3424467099166,2.0287303058387396,770.0579240037072,35.811001,-83.994003,981.0,298120.0,64853.0,6375.0,21.7539916812022
UIN,"Quincy, IL: Quincy Regional-Baldwin Field",1231.6538461538462,552.8076923076923,51.69230769230769,143.6153846153846,0.0,483.53846153846155,39.942699,-91.194603,768.0,1655.0,384.0,100.0,23.202416918429
USA,"Concord, NC: Concord Padgett Regional",1345.098901098901,444.967032967033,142.07692307692307,253.36263736263737,2.989010989010989,501.7032967032967,35.387798,-80.709099,705.0,7501.0,1756.0,360.0,23.410211971737102
UST,"St. Augustine, FL: Northeast Florida Regional",331.030303030303,87.12121212121212,2.4545454545454546,106.81818181818181,0.0,134.63636363636363,29.9592,-81.339798,10.0,606.0,144.0,13.0,23.762376237623762
UTM,"Tunica, MS: Tunica Municipal",63.69230769230769,12.23076923076923,2.4615384615384617,16.846153846153847,0.0,32.15384615384615,34.68505,-90.347757,194.0,208.0,18.0,4.0,8.653846153846153
VCT,"Victoria, TX: Victoria Regional",812.9759036144578,518.710843373494,109.78313253012048,15.542168674698795,0.0,168.93975903614458,28.85260009765625,-96.9185028076172,115.0,5037.0,672.0,136.0,13.341274568195354
VEL,"Vernal, UT: Vernal Regional",435.1707317073171,237.91463414634146,35.707317073170735,25.170731707317074,0.25609756097560976,136.1219512195122,40.436214,-109.511661,5278.0,4064.0,519.0,153.0,12.770669291338582
VIS,"Visalia, CA: Visalia Municipal",172.03703703703704,96.25925925925925,12.037037037037036,9.296296296296296,0.0,54.44444444444444,36.318699,-119.392998,295.0,1538.0,173.0,119.0,11.248374512353706
VLD,"Valdosta, GA: Valdosta Regional",1067.736059479554,443.91449814126395,206.45724907063197,152.63940520446096,1.1226765799256506,263.6022304832714,30.782499313354492,-83.27670288085938,203.0,22980.0,4643.0,398.0,20.204525674499564
VPS,"Valparaiso, FL: Eglin AFB Destin Fort Walton Beach",1450.1012838801712,523.8166904422254,143.5641940085592,250.96861626248216,1.9186875891583453,529.8330955777461,30.4832,-86.525398,87.0,159439.0,34124.0,3439.0,21.40254266521993
WRG,"Wrangell, AK: Wrangell Airport",638.312030075188,104.43609022556392,52.50375939849624,72.2218045112782,2.3345864661654137,406.8157894736842,56.48429871,-132.3699951,49.0,16080.0,3158.0,326.0,19.639303482587064
WYS,"West Yellowstone, MT: Yellowstone",282.8301886792453,194.27358490566039,25.78301886792453,24.62264150943396,0.42452830188679247,37.72641509433962,44.6884,-111.117996,6649.0,6194.0,662.0,34.0,10.68776235066193
XNA,"Fayetteville, AR: Northwest Arkansas National",1695.1604439959638,588.2098890010091,148.05045408678103,322.2896064581231,2.1886982845610494,634.4217961654894,36.281898,-94.306801,1287.0,269902.0,56628.0,7108.0,20.980948640617704
XWA,"Williston, ND: Williston Basin International",1839.921052631579,990.0,376.0,129.69736842105263,10.93421052631579,333.2894736842105,48.258387,-103.748797,2344.0,8900.0,1616.0,224.0,18.15730337078652
YAK,"Yakutat, AK: Yakutat Airport",561.9473684210526,96.57518796992481,19.541353383458645,69.21052631578948,2.3684210526315788,374.2518796992481,59.508717,-139.660435,33.0,16051.0,2814.0,308.0,17.53161796772787
YKM,"Yakima, WA: Yakima Air Terminal/McAllister Field",379.89622641509436,146.4245283018868,24.745283018867923,60.0188679245283,0.8962264150943396,147.81132075471697,46.56819916,-120.5439987,1099.0,6948.0,1026.0,159.0,14.766839378238341
YNG,"Youngstown/Warren, OH: Youngstown-Warren Regional",119.0,97.0,0.0,22.0,0.0,0.0,41.26070023,-80.67910004,1192.0,2.0,2.0,0.0,100.0
YUM,"Yuma, AZ: Yuma MCAS/Yuma International",965.4987714987715,531.1031941031941,49.027027027027025,72.98280098280098,2.9901719901719903,309.3955773955774,32.650938,-114.609375,213.0,52218.0,7175.0,681.0,13.74047263395764
